"","mean.other","mean.Saprotroph","mean.Ectomycorrhizal","mean.Wood_Saprotroph","mean.Animal_Pathogen","mean.Plant_Pathogen"
"BART_001-M-22-32-20140722",0.169522603201185,0.349924032838327,0.318561744668099,0.0958381284094742,0.0309128095264513,0.0352406813564635
"BART_001-M-7-0-20140722",0.169948483933362,0.350792777927973,0.317563891151788,0.0955644242141947,0.0309677755904695,0.035162647182213
"BART_001-O-30-37-20140722",0.171233314897361,0.351854513914261,0.315820622028001,0.0947597269077503,0.0312131124256277,0.0351187098269986
"BART_001-O-7-0-20140722",0.17140611943628,0.349828216934651,0.316899048817714,0.0955934205283504,0.0310325288078121,0.0352406654751923
"BART_004-M-25-6-20140722",0.197383921023896,0.427428719356609,0.180244415798032,0.115199205541936,0.0347813192291546,0.0449624190503732
"BART_004-O-25-6-20140722",0.198258905162406,0.42637388805852,0.17981431125542,0.115591675203655,0.0348073023926062,0.0451539179273937
"BART_006-M-15-7-20140722",0.189374875953371,0.408375796655768,0.221153956154549,0.105680424831387,0.033481320107363,0.0419336262975621
"BART_006-M-33-11-20140722",0.188911954346603,0.403741760432403,0.226104752277599,0.106335602692066,0.0331088565172762,0.0417970737340521
"BART_006-M-33-3-20140619",0.18992701657319,0.406412592245632,0.222310054732369,0.106484106249322,0.033530684017435,0.041335546182052
"BART_006-O-4-7-20140722",0.190441060371664,0.407981639423455,0.220292032362594,0.106089069721534,0.0333752171544758,0.0418209809662775
"CPER_001-M-22-32-20140812",0.17723864740371,0.431540289628202,0.170669269088277,0.10252200667596,0.0327409607670686,0.085288826436782
"CPER_001-M-30-37-20140812",0.203695435324644,0.464206665111601,0.0996661054909167,0.107507451824977,0.0344180860841923,0.0905062561636687
"CPER_001-M-7-0-20140812",0.191503995560133,0.44994323438253,0.130919349648409,0.105573713987121,0.03378317966579,0.0882765267560171
"CPER_002-M-10-34-20140812",0.20651655373427,0.468222220355466,0.0924452251921461,0.107547538405148,0.0344777607127623,0.0907907016002078
"CPER_002-M-25-6-20140812",0.207097397397791,0.467505511992299,0.0926361973266196,0.107810193439745,0.0344939345713615,0.090456765272185
"CPER_002-M-9-4-20140812",0.210553054097558,0.471589930681025,0.0848858844285229,0.107687972903527,0.0345204396034058,0.0907627182859605
"CPER_003-M-15-7-20140812",0.197178747936228,0.457949366759327,0.114464011663045,0.106735427142451,0.0339758358889231,0.0896966106100252
"CPER_003-M-33-11-20140812",0.205373155375612,0.466156885755387,0.0955214413395556,0.107621821300365,0.0345354938163319,0.090791202412748
"CPER_003-M-4-7-20140812",0.196666950456534,0.456097048775361,0.116937913240975,0.106677673433813,0.0339891719758191,0.0896312421174977
"CPER_004-M-0-30-20140812",0.186374399526739,0.443885536765426,0.143621799836091,0.10508860298737,0.0335225078070025,0.0875071530773707
"CPER_004-M-16-7-20140812",0.192944125586876,0.45228384464258,0.125848617037582,0.106034666171121,0.0338450122535766,0.0890437343082652
"CPER_004-M-23-38-20140812",0.196543645583575,0.458113173128632,0.115387224115056,0.106651028844835,0.0339185421279311,0.0893863861999707
"CPER_007-M-3-37-20140717",0.204728910252322,0.465784711892189,0.0966409757822658,0.107768844107797,0.0345099618831971,0.0905665960822297
"CPER_047-M-33-17-20140717",0.20124216988408,0.462191506780448,0.102021999752296,0.10864010853039,0.0345278022167102,0.0913764128360754
"DSNY_001-M-1-6-20140813",0.108468612328496,0.234568863902435,0.559758215143047,0.0565727945392573,0.0187199337433438,0.0219115803434208
"DSNY_001-M-17-9-20140701",0.109798457521984,0.236505458780749,0.557251373002778,0.0563199871848123,0.0186185420724028,0.0215061814372737
"DSNY_001-M-22-32-20140909",0.109919662921329,0.236897525759404,0.556463310925072,0.0564957512585231,0.0186393637091607,0.0215843854265112
"DSNY_001-M-29-37-20140701",0.109706799205535,0.2360405688846,0.557866124376076,0.0562288776154217,0.0186055224975879,0.021552107420779
"DSNY_001-M-7-0-20140909",0.11043342886871,0.237692407473653,0.554796657425123,0.0567118009307576,0.0187237492684656,0.0216419560332916
"DSNY_001-M-7-5-20140813",0.106633942412213,0.230536210819612,0.569010849621586,0.0547525292195476,0.0181372850631896,0.0209291828638515
"DSNY_001-M-9-11-20140701",0.109211702637172,0.235859984953378,0.55903217044764,0.0559896531007668,0.0185393767315194,0.0213671121295239
"DSNY_002-M-10-34-20140910",0.118440799582994,0.251729608741172,0.528840751647033,0.0590120606579213,0.019520672443561,0.0224561069273178
"DSNY_002-M-11-0-20140813",0.118364551581032,0.251050482325694,0.529642148325507,0.0589957455757976,0.0195917847492933,0.0223552874426752
"DSNY_002-M-25-6-20140910",0.118904008048486,0.252074418979804,0.527996171455586,0.0590114373529004,0.0195045885628206,0.0225093756004031
"DSNY_002-M-30-5-20140813",0.118441181043794,0.250888150178724,0.53061726260862,0.058841384901791,0.0192884335569847,0.0219235877100868
"DSNY_002-M-9-4-20140910",0.11786909250186,0.249123456729816,0.53265553089333,0.0588180422484009,0.0194413804330456,0.0220924971935477
"DSNY_003-M-1-7-20140813",0.117182654119641,0.257112409951687,0.52454716059056,0.0591985181523765,0.0191349152422683,0.0228243419434663
"DSNY_003-M-3-26-20140813",0.114466072021175,0.248872501938503,0.5435010551886,0.0546020882419629,0.0178747712595679,0.0206835113501917
"DSNY_003-M-33-0-20140813",0.111889778201134,0.241910219573902,0.556236229656839,0.0522217340243584,0.0176805914019333,0.0200614471418338
"DSNY_004-M-21-38-20140813",0.129826041194232,0.268777203768541,0.498623575995894,0.0604799798264868,0.0200724728220622,0.0222207263927846
"DSNY_009-M-2-0-20140813",0.124196641263441,0.263681342569053,0.503052173543322,0.0640242467368359,0.0206863523193247,0.0243592435680229
"DSNY_009-M-26-3-20140701",0.123820630038966,0.261587510738586,0.50727075448831,0.0628296013090368,0.0204853784154299,0.024006125009671
"DSNY_009-M-29-2-20140701",0.123408784808843,0.261587496175979,0.507850014558614,0.0627246375319239,0.0204912298452039,0.0239378370794363
"DSNY_009-M-33-11-20140910",0.123643080615476,0.261782069023255,0.507367767959692,0.062779917964718,0.0205132877310789,0.0239138767057799
"DSNY_009-M-39-30-20140813",0.122741013438645,0.260142622402998,0.5112009404889,0.0620490088643463,0.0202664866842297,0.0235999281208817
"DSNY_009-M-8-11-20140813",0.120959174459655,0.257145970876995,0.515688962594997,0.0626705721460781,0.0200724007507936,0.023462919171481
"DSNY_016-M-0-30-20140910",0.108435896579066,0.237287630111558,0.551310836985177,0.0601044864493072,0.0193400603692002,0.0235210895056919
"DSNY_016-M-16-7-20140910",0.109064204253758,0.237418000933404,0.550510269835359,0.0597910895596636,0.0195122095288166,0.0237042258889987
"DSNY_016-M-23-38-20140910",0.109230764855905,0.238152539195833,0.549307196206629,0.0602990564186467,0.0194545486113396,0.0235558947116467
"DSNY_016-M-35-24-20140701",0.109215524419823,0.237590812511042,0.550125561813865,0.0600201080446072,0.0194329384085665,0.0236150548020975
"DSNY_016-M-5-26-20140701",0.109482604590923,0.238440586497134,0.548371569169914,0.0603171324578812,0.0195749087417659,0.0238131985423817
"DSNY_016-M-6-12-20140813",0.108963450717856,0.239822578489631,0.542009108314428,0.0633268544440082,0.0203202879515939,0.0255577200824826
"DSNY_043-M-18-37-20140814",0.0958507233082416,0.211498051352643,0.60353734441328,0.0521905769679324,0.0169993640658002,0.0199239398921037
"DSNY_043-M-2-27-20140814",0.0788414067640452,0.178854027454205,0.665013493371655,0.045157467369166,0.0147369903014642,0.0173966147394643
"HARV_001-M-14-7-20140812",0.158229500892672,0.336644140672573,0.364068656485875,0.0811605296186125,0.0287178988383266,0.0311792734919406
"HARV_001-M-15-1-20140812",0.158874727152657,0.336466905334228,0.363606069343885,0.0808558313415843,0.0288105184314001,0.0313859483962455
"HARV_001-M-39-16-20140812",0.158336384117026,0.336431999356451,0.365068128686959,0.0806025291562977,0.0285969099734142,0.0309640487098526
"HARV_001-M-7-0-20140715",0.17412085995875,0.364591993987094,0.310561163125056,0.0830689466169269,0.0320476247374801,0.035609411574694
"HARV_001-O-14-7-20140812",0.158456185350212,0.335870019721318,0.364454957002428,0.0810885026201135,0.0288046861623022,0.0313256491436261
"HARV_001-O-15-1-20140812",0.159734922880375,0.337535862993489,0.361261823436252,0.0810145640423233,0.0290180622381463,0.031434764409414
"HARV_002-M-24-40-20140716",0.189183724748031,0.421547274627858,0.213418235233747,0.097280814645456,0.0344105199421393,0.0441594308027684
"HARV_002-O-33-2-20140716",0.170964801495866,0.386063162540675,0.291162951867971,0.0878842253739126,0.0291437745999857,0.0347810841215893
"HARV_004-M-19-1-20140812",0.196684153137609,0.508145318871903,0.0871309477681826,0.116389787537799,0.0340582327992388,0.057591559885268
"HARV_004-M-25-6-20140715",0.203859990789346,0.518267133388685,0.0664984474034335,0.112274232501865,0.0361050498604789,0.0629951460561913
"HARV_004-M-3-28-20140812",0.196717531957476,0.508318987470136,0.0877334199866844,0.115685384628156,0.0340158141491278,0.0575288618084192
"HARV_004-M-9-34-20140812",0.197302706526101,0.509483256059873,0.0865011951431483,0.115243746389481,0.0337834341594992,0.0576856617218979
"HARV_004-M-9-4-20140715",0.205080342766565,0.520884350840242,0.0720018908900569,0.107528121506666,0.0350941188900208,0.0594111751064498
"HARV_004-O-10-34-20140715",0.175540596874552,0.473900430677279,0.125539585938971,0.137646842506097,0.0317497475297322,0.0556227964733684
"HARV_004-O-19-1-20140812",0.196345486887761,0.508902974361431,0.0875212053897325,0.115509376944845,0.0340046484840206,0.0577163079322096
"HARV_004-O-25-6-20140715",0.177912211234902,0.478565131047115,0.113216242380348,0.139067254985776,0.0328023182790577,0.0584368420728016
"HARV_004-O-3-28-20140812",0.195574210662297,0.509255407180141,0.088028320595012,0.115915343137482,0.0336723902468917,0.0575543281781759
"HARV_010-M-2-0-20140715",0.159014808161889,0.324415473058615,0.385559726541086,0.0726895762450857,0.0287785973890538,0.0295418186042709
"HARV_010-M-8-11-20140715",0.154318051310581,0.315980153467016,0.404120170938373,0.0699007884600211,0.0275811944124356,0.028099641411573
"HARV_010-O-2-0-20140715",0.10888759986329,0.235929806374536,0.538954843670498,0.0734460275153613,0.0207663474073131,0.0220153751690027
"HARV_010-O-39-30-20140715",0.120685556792806,0.258980206178938,0.50065784716619,0.0733583059884742,0.0225777541813137,0.0237403296922784
"HARV_010-O-8-11-20140715",0.110852744429108,0.244113856168206,0.522351110334155,0.0777972295789352,0.021499929311378,0.0233851301782172
"HARV_013-M-0-13-20140812",0.164624094721298,0.343942426735046,0.345177396990505,0.0823360419709356,0.0306229581976132,0.0332970813846015
"HARV_013-M-14-6-20140812",0.163531214809338,0.342699965825924,0.348207315922194,0.082115672487117,0.0303079159334775,0.0331379150219496
"HARV_013-M-28-3-20140812",0.164763412189803,0.344386878821589,0.344270161129317,0.082560137679611,0.0304732893107571,0.0335461208689235
"HARV_013-O-14-6-20140812",0.164336702574097,0.343129783213697,0.346408749040907,0.0821885488107874,0.0305320642700554,0.0334041520904566
"HARV_013-O-15-7-20140717",0.161972739494881,0.339748810139413,0.35149889044952,0.0833438871191362,0.0302622680718411,0.033173404725208
"HARV_013-O-28-3-20140812",0.165357735218669,0.34425922847856,0.343277092880728,0.0828958448098332,0.0306380407954143,0.0335720578167954
"HARV_016-M-0-30-20140715",0.172232426588917,0.36284952505456,0.306725834909871,0.0877066069362569,0.0324347975478603,0.0380508089625341
"HARV_016-M-16-7-20140715",0.168538588235297,0.359626399689918,0.316340617855445,0.086654067961303,0.031623699206176,0.0372166270518616
"HARV_016-O-0-30-20140715",0.106245060927593,0.244336579100539,0.512604984688513,0.0895310970954145,0.0214349403350564,0.0258473378528842
"HARV_020-M-12-33-20140812",0.193980133651041,0.583643503820124,0.0140465645888001,0.102998830895493,0.0308034521181077,0.0745275149264347
"HARV_020-M-30-27-20140812",0.194692097322544,0.582893658211609,0.0140029204376029,0.10306876992416,0.0308431821035889,0.0744993720004946
"HARV_020-M-37-22-20140812",0.194293949505117,0.583474342240889,0.013972085295688,0.102983243944141,0.0307873467791081,0.0744890322350569
"HARV_020-O-12-33-20140812",0.194439488176415,0.58298252795646,0.0140502161720431,0.103198208662934,0.0307922194509537,0.0745373395811948
"HARV_020-O-30-27-20140812",0.194764099600679,0.583033150610752,0.0139692566932032,0.102726122390876,0.0308881216015456,0.0746192491029444
"HARV_020-O-37-22-20140812",0.194162633472139,0.583662104230934,0.0140298217008107,0.1028430804705,0.030849428435543,0.0744529316900741
"HARV_021-M-36-16-20140717",0.142040797175748,0.293325917880093,0.449344155624073,0.0657780439963726,0.0248187685814662,0.0246923167422471
"HARV_021-M-6-12-20140717",0.143558343117233,0.298886024565581,0.43435934676366,0.071054486525705,0.0258378571885167,0.0263039418393039
"HARV_021-O-3-37-20140717",0.14662307281377,0.301489388939674,0.430252842843324,0.069182047659003,0.0260467965329526,0.0264058512112758
"HARV_021-O-36-16-20140717",0.148238756709445,0.306124961151756,0.421626471263019,0.0704813053345427,0.0265223280135096,0.0270061775277281
"HARV_033-M-23-30-20140717",0.190097149775392,0.424959428841325,0.211858842607314,0.0959015595417686,0.0340218326122026,0.0431611866219979
"HARV_033-M-30-38-20140717",0.191971069019622,0.429081115300962,0.199287878196871,0.0988991265571621,0.0351773433204605,0.0455834676049216
"HARV_033-M-33-4-20140717",0.190276241632357,0.425424929522537,0.207399056089756,0.0981564595207924,0.0345090087142176,0.0442343045203401
"HARV_033-O-23-30-20140717",0.134975145441429,0.324899801436581,0.369919175355133,0.110254403321327,0.0260451576813808,0.0339063167641493
"HARV_033-O-30-38-20140717",0.137895385170173,0.330998211554485,0.353323459818944,0.114689819815146,0.0271580128647541,0.0359351107764979
"HARV_034-M-23-8-20140717",0.166753094706042,0.349072679752986,0.340926602393787,0.0803237921672533,0.0302970540342962,0.0326267769456357
"HARV_034-M-31-3-20140717",0.167803351869954,0.348619471265915,0.342597364970602,0.0785700383797085,0.0301939361200965,0.0322158373937233
"HARV_035-M-18-37-20140717",0.166037806810808,0.345482184853828,0.352971500543457,0.075613011936096,0.0292899690993214,0.0306055267564897
"HARV_035-O-18-37-20140717",0.102588910770765,0.230139300776493,0.555261371701142,0.0729853503752696,0.0189564617611274,0.020068604615203
"JERC_001-M-17-34-20140710",0.0848241772967842,0.145666468544895,0.690568307013248,0.0450264726849807,0.0168088336594802,0.0171057408006117
"JERC_001-M-29-2-20140710",0.0852036969176026,0.14586937521634,0.689721092481708,0.0451369470611941,0.016902871142219,0.0171660171809363
"JERC_001-M-7-5-20140805",0.0881791768054596,0.151103130631518,0.678858166038743,0.0466829263604516,0.0174206564612491,0.0177559437025787
"JERC_001-M-9-17-20140805",0.0866776041935174,0.148296287568137,0.684532305129804,0.0459044589771667,0.0171988253980154,0.0173905187333599
"JERC_002-M-11-0-20140805",0.0805102179689997,0.136394244267106,0.714148142577336,0.0394108014705031,0.0151518449638498,0.0143847487522049
"JERC_002-M-12-7-20140710",0.078118149171984,0.132958209833527,0.721531708229162,0.0384433688510524,0.0148496255708095,0.0140989383434659
"JERC_002-M-27-36-20140805",0.0757360278646298,0.129641719440493,0.72879132073192,0.0374990227670267,0.0144986491245089,0.0138332600714211
"JERC_002-M-30-5-20140805",0.0935978672636441,0.155793473505684,0.673312714866333,0.0440076654733874,0.0170943652477841,0.0161939136431681
"JERC_003-M-1-7-20140805",0.0857573307603923,0.146642852052106,0.689252373677347,0.0447895733317428,0.0167603883125685,0.0167974818658426
"JERC_003-M-3-26-20140805",0.0993028917749024,0.167302833464652,0.643605948841255,0.051098452778082,0.0191757220452157,0.0195141510958927
"JERC_003-M-33-0-20140805",0.0863084838010402,0.149112990697288,0.679263148946432,0.0485031970541614,0.0178749027286407,0.0189372767724375
"JERC_005-M-24-40-20140805",0.0770442401954713,0.130459478929006,0.729373591851915,0.0358342547871809,0.0142706466366031,0.0130177875998235
"JERC_005-M-33-2-20140805",0.0739876597422964,0.127029804784643,0.734302119167349,0.0368969059247214,0.0142479793289851,0.0135355310520051
"JERC_005-M-4-9-20140805",0.0681496105958988,0.11466195799767,0.763186974294032,0.0305976395747701,0.0125389327255147,0.0108648848121147
"JERC_006-M-15-33-20140710",0.0803096447943594,0.13734511827274,0.711241581670191,0.0405681441141032,0.0154595632152242,0.0150759479333823
"JERC_006-M-2-0-20140805",0.0861245530500002,0.145362104727105,0.695392346709463,0.0416411778295765,0.0161224063558645,0.0153574113279905
"JERC_006-M-21-39-20140710",0.0806237073914614,0.137592970512436,0.710355690139435,0.0407482316166551,0.0155382387361446,0.0151411616038676
"JERC_006-M-8-11-20140805",0.0807495904151512,0.137722447010597,0.71076744367775,0.0403314395292557,0.0154883568623923,0.0149407225048537
"JERC_008-M-23-30-20140805",0.0654369802610499,0.115073432853415,0.75858547426138,0.0346962424464259,0.013216960864835,0.0129909093128938
"JERC_008-M-33-4-20140805",0.0780577552025227,0.133869051819427,0.719342543513569,0.0392387008613637,0.0149784749200228,0.014513473683095
"JERC_047-M-36-16-20140805",0.0824971161790515,0.143197146727989,0.699452184934853,0.0425350805183421,0.0160148260964229,0.0163036455433419
"JERC_047-M-6-12-20140805",0.0891425477847128,0.155967741102575,0.668532607290242,0.0490273933208354,0.0180130012982313,0.0193167092034029
"JERC_048-M-19-30-20140805",0.0781095249333437,0.135124300896478,0.718066487657667,0.039076180232031,0.0149440974465252,0.0146794088339546
"JERC_048-M-31-3-20140805",0.0821472900484681,0.14296633817746,0.699593681556874,0.0429496740301365,0.0160422719829572,0.0163007442041042
"JERC_049-M-2-27-20140805",0.0908733038252482,0.152397999309815,0.683258958397842,0.0419736867273791,0.0162979019647886,0.0151981497749264
"ORNL_001-O-17-34-20140715",0.154639912695634,0.461104491290158,0.206178467928948,0.100220857254544,0.0301789751201295,0.0476772957105854
"ORNL_003-O-9-11-20140714",0.160925484322772,0.457054992405975,0.212698933527183,0.09614075301547,0.0297312375055799,0.0434485992230196
"ORNL_021-O-15-33-20140714",0.149225159094752,0.560072706488895,0.0656591470707196,0.119621737957859,0.030648016215032,0.0747732331727417
"ORNL_029-O-9-2-20140714",0.125353895915924,0.426962009789019,0.271502177809223,0.0988753999369021,0.0277147379219494,0.0495917786269821
"ORNL_031-O-11-3-20140714",0.140019251922228,0.587648506225275,0.0339700081767009,0.120731733838521,0.0293137890203701,0.0883167108169044
"ORNL_037-O-4-23-20140715",0.140919235718307,0.396738753656374,0.314901735408336,0.0859480157514907,0.026171994917768,0.0353202645477241
"ORNL_043-O-2-27-20140715",0.170635154362875,0.47853977879576,0.169974849994918,0.101503509810829,0.0316580314629804,0.0476886755726372
"OSBS_001-M-17-34-20140701",0.11302662635763,0.33927726407979,0.425086824720084,0.0733930233687013,0.0218666546103751,0.0273496068634203
"OSBS_001-M-17-34-20140818",0.0998914836924849,0.304335013163871,0.487189341945594,0.0651067765284689,0.0196022228964365,0.0238751617731443
"OSBS_001-M-26-3-20140701",0.103916593688382,0.318067594578745,0.462279750125359,0.0692168913305429,0.0206974309777626,0.0258217392992074
"OSBS_001-M-26-3-20140818",0.10011305318789,0.304490468276125,0.486723142060145,0.0650617063035594,0.0195661248601538,0.0240455053121261
"OSBS_001-M-29-2-20140701",0.101419589517824,0.309939644495553,0.475605388507887,0.0676172558036346,0.0201970665563268,0.0252210551187746
"OSBS_001-M-29-2-20140818",0.106143268008218,0.323380131931093,0.450394814387193,0.0716592040960789,0.0213452402749291,0.0270773413024887
"OSBS_002-M-12-7-20140701",0.0676698890401746,0.217116398583057,0.631867550984462,0.050268090690672,0.0146188611661262,0.0184592095355081
"OSBS_002-M-12-7-20140818",0.068166306711661,0.213200346146805,0.645307198430319,0.0438222381385313,0.0137022613248917,0.015801649247792
"OSBS_002-M-35-24-20140701",0.0737894145467983,0.232399989643082,0.605550377583997,0.0527244724512665,0.0158975844051328,0.0196381613697232
"OSBS_002-M-35-24-20140818",0.0762611053690321,0.24052376331311,0.596450401393233,0.0518204551097904,0.0158035155215621,0.0191407592932725
"OSBS_002-M-5-26-20140701",0.0730931340455889,0.233357436191096,0.605177176731193,0.0525223170073711,0.0160528061236181,0.0197971299011324
"OSBS_003-M-17-9-20140701",0.126685547188277,0.434355697632289,0.294330011065417,0.0847417655985026,0.0235838713425106,0.036303107173004
"OSBS_003-M-17-9-20140818",0.121013304136566,0.415416908322468,0.329578969219582,0.0786556024766884,0.0222063762890966,0.0331288395555991
"OSBS_003-M-9-11-20140818",0.118041965525807,0.410999903778727,0.33455709528601,0.0799281653579641,0.0223207367143508,0.0341521333371401
"OSBS_022-M-15-33-20140701",0.105277476593605,0.325351629926737,0.442296589776949,0.0755104137900736,0.0221673132637457,0.0293965766488899
"OSBS_022-M-21-39-20140701",0.126965211623614,0.37856246697287,0.34821584451117,0.0871524087259293,0.0253685439500394,0.0337355242163769
"SCBI_002-M-1-6-20140715",0.155509829183871,0.568564687135259,0.0460318061597857,0.109568120414657,0.0333489078313849,0.0869766492750424
"SCBI_002-M-17-34-20140618",0.156878494273529,0.569154901695982,0.0436264153424975,0.109775314139252,0.0333698604855419,0.0871950140631969
"SCBI_002-M-26-3-20140618",0.154685387740195,0.567440521660096,0.0479014762514243,0.109734228620411,0.0334030795925088,0.086835306135365
"SCBI_002-M-29-2-20140618",0.15112436239966,0.56361891881014,0.0556387545830079,0.109277096085046,0.0334160042191837,0.086924863902962
"SCBI_002-M-7-5-20140715",0.15736805392418,0.57015998386328,0.0425627508323496,0.109492994669339,0.033322871311264,0.087093345399588
"SCBI_002-M-9-17-20140715",0.154450549149444,0.567136545434324,0.0483695696090506,0.109644528013679,0.0333622327857867,0.0870365750077161
"SCBI_003-M-11-0-20140715",0.154916378464409,0.468475565088264,0.183848553063312,0.0989226977630416,0.0339858800100441,0.0598509256109286
"SCBI_003-M-13-6-20140618",0.150061321749916,0.45938537095165,0.20073117304547,0.0973557991451082,0.0334347980136379,0.0590315370942181
"SCBI_003-M-27-36-20140715",0.152029054724559,0.463459536249624,0.193171390111014,0.098222209433899,0.0336895233494719,0.0594282861314316
"SCBI_003-M-30-5-20140715",0.169719255090346,0.495019388899283,0.134231669339995,0.102696739986222,0.0355482533877297,0.0627846932964248
"SCBI_003-M-35-24-20140618",0.143123454460878,0.443877113285757,0.22794819721002,0.0948099922846144,0.032674049416665,0.0575671933420643
"SCBI_003-M-5-26-20140618",0.134890231830826,0.42570928435991,0.260523308665961,0.0917328102777978,0.0316334266201248,0.0555109382453803
"SCBI_006-M-1-7-20140715",0.153660848042008,0.566371147562595,0.0486080298734973,0.110137083747292,0.0335063668258596,0.0877165239487476
"SCBI_006-M-15-7-20140827",0.158382850380096,0.572527018509682,0.0386155511276826,0.109218984489967,0.0334027635683453,0.0878528319242266
"SCBI_006-M-17-9-20140618",0.153851379012837,0.566913915763265,0.0478655500892084,0.110281208068062,0.0333989081986381,0.0876890388679897
"SCBI_006-M-27-2-20140715",0.153587702367844,0.567145034307996,0.0482031156911117,0.110031606893665,0.0334526808433842,0.0875798598959993
"SCBI_006-M-29-37-20140618",0.156440554259939,0.570135224535436,0.0421029478601722,0.11008279832239,0.0333847791379362,0.0878536958841255
"SCBI_006-M-3-26-20140715",0.157280218358242,0.57122751607287,0.0402122961230782,0.110071709617769,0.0333302345813285,0.0878780252467124
"SCBI_006-M-33-11-20140826",0.157352445883836,0.570978345882564,0.0402542207981058,0.110250634700486,0.0332889965250898,0.0878753562099173
"SCBI_006-M-4-7-20140826",0.157799225338544,0.571131652691231,0.0392691581961021,0.110238308640841,0.0334584991526334,0.0881031559806487
"SCBI_006-M-9-11-20140618",0.157503664515161,0.570881653064353,0.0405048501732574,0.109857873370519,0.0333849161308578,0.0878670427458514
"SCBI_012-M-0-30-20140825",0.157159539826878,0.570394936982389,0.0410612535740875,0.110038106570855,0.0333872681748111,0.0879588948709794
"SCBI_012-M-15-33-20140618",0.152471495189987,0.56582682826753,0.0508715402168402,0.109805901652128,0.0334393685123983,0.0875848661611168
"SCBI_012-M-16-7-20140825",0.15557414214246,0.568933130308074,0.0432146999145511,0.110342017907161,0.0335687957109087,0.0883672140168455
"SCBI_012-M-19-40-20140715",0.152265645167789,0.565981536156626,0.0506774265175714,0.109898543663368,0.0333903842478032,0.0877864642468427
"SCBI_012-M-2-33-20140618",0.154017684672539,0.567681747903343,0.0472974987679459,0.109790942590971,0.0333624049352491,0.0878497211299517
"SCBI_012-M-21-38-20140715",0.16008185674943,0.572735843339518,0.0359517992467392,0.109714575794728,0.0334759905325143,0.0880399343370707
"SCBI_012-M-21-39-20140618",0.153609617109925,0.56738935758527,0.0478113307234338,0.110013361889848,0.0333924522991105,0.0877838803924136
"SCBI_012-M-33-4-20140715",0.154197831997203,0.567727555457313,0.0468915241208066,0.10997629924275,0.0333953857606497,0.0878114034212779
"SCBI_033-M-36-16-20140826",0.156042044084473,0.569482047615225,0.0429834550496921,0.109874095118298,0.033468200147222,0.0881501579850897
"SCBI_033-M-4-38-20140826",0.158758839741317,0.573165675993542,0.0381763769865566,0.109884258523357,0.0331845499982917,0.0868302987569362
"SCBI_033-M-6-12-20140826",0.158577360924616,0.57194371256523,0.0377359986643045,0.110631702715202,0.0332589821889506,0.0878522429416969
"SCBI_045-M-23-30-20140825",0.160118310109883,0.57646339216253,0.0349722679582273,0.108876094319819,0.0329686754494308,0.0866012600001098
"SCBI_045-M-30-38-20140825",0.160049044311389,0.576459647741649,0.0353122362139486,0.108492730386102,0.0329906919035583,0.0866956494433532
"SCBI_045-M-31-2-20140825",0.15918709436013,0.575019642038719,0.036174785100099,0.10898682991096,0.0331720044467467,0.0874596441433453
"STER_005-M-0-30-20140820",0.206006258927268,0.456438306894051,0.104820937324899,0.110281756888354,0.034648345546103,0.0878043944193257
"STER_005-M-16-7-20140820",0.200520263015279,0.450802313618531,0.117939877570255,0.109450765916657,0.0344671611570749,0.0868196187222027
"STER_005-M-23-38-20140820",0.203974160443546,0.454757539603992,0.109910859726018,0.109495592813764,0.0345644517662121,0.0872973956464676
"STER_006-M-1-6-20140722",0.223544622470396,0.473662537545793,0.0670559347088644,0.11127491922192,0.0351619909976865,0.089299995055341
"STER_006-M-22-32-20140820",0.222006098211733,0.471787386927741,0.0704317431092375,0.111274830308185,0.0351719184028105,0.0893280230402929
"STER_006-M-30-37-20140820",0.22348684635626,0.473590993855928,0.0669499887970652,0.111335495472602,0.0351243954486784,0.0895122800694673
"STER_006-M-7-0-20140820",0.220231416592427,0.47073795695583,0.0737020199021486,0.111235752790982,0.0350700045166734,0.0890228492419391
"STER_006-M-7-5-20140722",0.222564784315537,0.472086476683953,0.0696901259727538,0.111313898716017,0.035087023130603,0.0892576911811364
"STER_006-M-9-17-20140722",0.220001661444358,0.47103135986998,0.0736411285579446,0.111121543241007,0.0350364180569199,0.0891678888297909
"STER_007-M-17-3-20140724",0.211395637532849,0.462428825391127,0.0903808383773753,0.111738949405486,0.0349943133430085,0.0890614359501539
"STER_018-M-15-7-20140820",0.21378952644273,0.465198782787531,0.0866130256938836,0.111063476717222,0.0349863308472573,0.0883488575113762
"STER_018-M-4-7-20140820",0.222071323060766,0.471636427448775,0.070091586382873,0.11169266126977,0.0352601082786686,0.0892478935591468
"STER_026-M-10-34-20140820",0.21784026838756,0.469042386834459,0.0807320420571821,0.109995807456352,0.034841544602656,0.0875479506617902
"STER_026-M-11-0-20140722",0.221153601257407,0.472462474440806,0.0734128429209718,0.11050755058998,0.034726031346274,0.0877374994445616
"STER_026-M-27-36-20140722",0.220991531369882,0.472216914436591,0.0759427362951145,0.109374367011221,0.034681647094101,0.0867928037930904
"STER_026-M-9-4-20140820",0.223780352644218,0.473922805561395,0.0689033747932442,0.110512798859841,0.0349408502007243,0.0879398179405765
"STER_027-M-3-26-20140723",0.201638112943985,0.452147978804988,0.111756545768506,0.111129376301448,0.0347016724451615,0.0886263137359114
"STER_027-M-33-0-20140723",0.211776327871639,0.46304710024137,0.0952314111366181,0.109245644515787,0.0344585982968932,0.0862409179376929
"STER_028-M-20-40-20140722",0.199586192239893,0.450199802920846,0.110386475653759,0.113194840350088,0.0352050480824908,0.0914276407529224
"STER_028-M-21-38-20140722",0.202807954302055,0.453313694694614,0.106417773618977,0.112270023866338,0.0350923729872507,0.0900981805307652
"STER_028-M-33-4-20140722",0.209846462302603,0.461735927123056,0.0942532616983141,0.110858642657925,0.0348136162982714,0.0884920899198304
"STER_029-M-33-2-20140724",0.215520066733312,0.46581094796578,0.074011735577495,0.115129345457265,0.0358232197992568,0.0937046844668912
"STER_031-M-2-0-20140723",0.221301993259518,0.470637669719316,0.0636012730770662,0.114984511416188,0.0359040262908505,0.0935705262370611
"STER_033-M-23-30-20140723",0.210426408128116,0.461964179029355,0.0895542571186279,0.112383583348881,0.0351903125956883,0.0904812597793311
"STER_033-M-30-38-20140723",0.206307933192109,0.457388032969323,0.0995503997343114,0.112050208629746,0.035094607859886,0.0896088176146253
"STER_033-M-33-4-20140723",0.196239639762766,0.44532731919978,0.130338962690782,0.108043877138715,0.0341374238535756,0.085912777354382
"STER_034-M-19-30-20140723",0.189270339480742,0.435203293136131,0.15353908000513,0.105875135155542,0.0333596512801429,0.0827525009423113
"STER_034-M-23-8-20140723",0.193181966550004,0.441897159616638,0.142573263199968,0.105770736089474,0.0334953277108939,0.0830815468330219
"STER_035-M-18-37-20140723",0.186954408110324,0.434368101104783,0.151535915539392,0.107698895672118,0.0338287664120365,0.0856139131613469
"STER_035-M-2-27-20140723",0.18940318555392,0.436768587734826,0.135038900606175,0.1126723104964,0.0350559916681746,0.091061023940505
"STER_035-M-33-17-20140723",0.18965840800343,0.43725973740944,0.127910328937322,0.115222153715127,0.0357026936314788,0.0942466783032014
"TALL_001-M-14-7-20140804",0.164265568025805,0.537864136224394,0.107491629361786,0.108077876931923,0.0290063310147998,0.0532944584412927
"TALL_001-M-15-1-20140804",0.164339622874635,0.538096117061249,0.106816398981889,0.108359848627399,0.0288850431876621,0.0535029692671646
"TALL_001-M-22-32-20140708",0.16439834557005,0.536098572373717,0.110555788287823,0.10931772722696,0.028182092337208,0.0514474742042425
"TALL_001-M-30-37-20140708",0.16428858141157,0.518660244764829,0.153837059636843,0.0932319585153614,0.0268986782531559,0.0430834774182406
"TALL_001-M-7-0-20140708",0.169417973619205,0.547343909309897,0.08739930653172,0.110728590567911,0.029539519643203,0.055570700328064
"TALL_001-O-30-37-20140708",0.163294403983469,0.53646730881389,0.0926016912494864,0.123713495539912,0.0285632649217143,0.0553598354915283
"TALL_001-O-7-0-20140708",0.164220144417986,0.535339576832018,0.110382880585806,0.111403136296629,0.0278101927400528,0.0508440691275079
"TALL_002-M-10-34-20140708",0.126230718259911,0.395052400131191,0.326645191881468,0.0886573022433979,0.0252165641837759,0.0381978233002563
"TALL_002-M-19-1-20140804",0.146113017031197,0.439082555734332,0.250973772954558,0.0953351357645888,0.027414298207917,0.0410812203074063
"TALL_002-M-25-6-20140708",0.145847545111845,0.440783438386915,0.247272608960856,0.0968307123235652,0.0274603880351036,0.0418053071817147
"TALL_002-M-3-28-20140804",0.135153505071382,0.413849223215689,0.294539425417765,0.09099835092475,0.026166935072395,0.039292560298019
"TALL_002-M-31-34-20140804",0.136297990177274,0.418285241162187,0.287743316851211,0.0918349589633195,0.0263073378235899,0.0395311550224187
"TALL_002-M-9-4-20140708",0.142172741757873,0.431697387358289,0.264454656278876,0.0938290542535301,0.0270548345209713,0.040791325830461
"TALL_002-O-10-34-20140708",0.113059565880957,0.356520115799171,0.394208357444108,0.0805184081002243,0.0225127548868777,0.0331807978886621
"TALL_003-M-24-40-20140707",0.146118624341356,0.590657131692895,0.0312406372125489,0.124515839451613,0.0278455957537944,0.0796221715477922
"TALL_003-M-33-2-20140707",0.152541999153354,0.600554962252591,0.028243993648995,0.115671111098604,0.0276039721040558,0.0753839617423989
"TALL_003-M-6-5-20140707",0.154959125339455,0.596964554416587,0.0185128497754964,0.120619340540501,0.0281426485335548,0.0808014813944056
"TALL_003-O-24-40-20140707",0.141833215088243,0.587141151521722,0.0427920228353054,0.122878525333057,0.0276917271709023,0.0776633580507707
"TALL_004-M-0-13-20140804",0.0987205968305095,0.258928274098237,0.540258675423875,0.0606925943048429,0.0196320411307377,0.0217678182117979
"TALL_004-M-14-17-20140708",0.10779033517105,0.277534667551717,0.508277147784144,0.0632034034752474,0.0206407854559151,0.0225536605619272
"TALL_004-M-14-6-20140804",0.10133080092777,0.264535748520408,0.529751895304332,0.0621855173253643,0.0200423942514982,0.0221536436706269
"TALL_004-M-24-15-20140708",0.112550570247679,0.288888207096645,0.485533176487451,0.0673823738853069,0.0216393385589541,0.0240063337239636
"TALL_004-M-28-3-20140804",0.10333385920529,0.268571793707142,0.522451242747732,0.0628648980972968,0.0204215217439614,0.0223566844985783
"TALL_004-M-33-11-20140708",0.103959698339079,0.269127696693473,0.52364897646313,0.0614794339408178,0.0200657985126993,0.0217183960508005
"TALL_006-M-0-30-20140707",0.14062650126564,0.435565996956484,0.259532591981094,0.0954040731517857,0.0270233504439366,0.0418474862010604
"TALL_006-M-13-32-20140804",0.1436298867896,0.441284360094625,0.247045616866433,0.0976325858373137,0.027391704350902,0.0430158460611255
"TALL_006-M-16-7-20140707",0.147491690285583,0.455804948722209,0.210324374820118,0.107587544692054,0.0297083905898871,0.0490830508901485
"TALL_006-M-23-38-20140707",0.14253899507061,0.434823352952285,0.265425015126693,0.0917975428620197,0.0262154906681841,0.0391996033202084
"TALL_006-M-30-27-20140804",0.128113555837644,0.405037718085384,0.310158174097189,0.0910830129205011,0.0256527797114083,0.0399547593478734
"TALL_007-M-2-0-20140708",0.155841476874088,0.519600522161678,0.12152781585091,0.114618675259488,0.0302860646498365,0.058125445204
"TALL_007-M-39-30-20140708",0.162596599821085,0.530952114388882,0.0986741748123788,0.117139666846947,0.0308462245175329,0.0597912196131743
"TALL_007-M-8-11-20140708",0.153492932728754,0.514793108321032,0.129571856530062,0.114085603898035,0.0301016187953589,0.0579548797267573
"TALL_009-M-3-37-20140707",0.0990901273880578,0.276963827986268,0.512187044057574,0.0664687469332177,0.0203493571393767,0.0249408964955062
"TALL_009-M-36-16-20140707",0.106173443015156,0.290925000838902,0.491499606107458,0.0665421529880509,0.0205768736860158,0.0242829233644178
"TALL_009-M-6-12-20140707",0.0996441808695323,0.279637307056758,0.506718947706719,0.0679190348623686,0.0206258602010736,0.0254546693035482
"TALL_044-M-23-30-20140707",0.103574583389802,0.272675657211754,0.516330586621836,0.0638845139002225,0.0204892621325792,0.0230453967438066
"TALL_044-M-33-4-20140707",0.112920853614694,0.296988548660549,0.466727455396887,0.073242199545456,0.0230000427817024,0.0271209000007126
"TALL_051-M-19-30-20140707",0.101974595505783,0.255492335291057,0.550324045163122,0.0550039874396061,0.0185700208936609,0.0186350157067711
"TALL_051-M-31-3-20140707",0.102510185321236,0.264197997486695,0.532134432731262,0.0605299335363141,0.0196069808966283,0.0210204700278647
"TALL_054-M-18-37-20140707",0.1065448521807,0.272965881170627,0.520409082804249,0.0595210639553386,0.01971755916007,0.0208415607290158
"TALL_054-M-33-17-20140707",0.117328912792635,0.303085219524334,0.462486650618482,0.0696382461950498,0.0223151545840678,0.0251458162854314
"UNDE_001-M-7-0-20140708",0.213552551902808,0.487348450133533,0.102764886409893,0.101048063402919,0.0369458603737595,0.0583401877770874
"UNDE_001-O-30-37-20140708",0.184286167610356,0.446837444230537,0.147755123200234,0.128624621985452,0.0341918054674604,0.0583048375059609
"UNDE_006-M-10-34-20140707",0.200018122147062,0.470829077543439,0.129427903241922,0.102747584954304,0.0371560924870316,0.0598212196262407
"UNDE_006-M-25-6-20140707",0.200317298972903,0.474274539715261,0.111173891509626,0.108610778777249,0.0392211018578515,0.0664023891671108
"UNDE_006-M-9-4-20140707",0.197819506718918,0.466215083073448,0.144307625241371,0.0997559434479849,0.035846736296694,0.0560551052215844
"UNDE_007-M-33-2-20140710",0.204746610852785,0.477597574712898,0.112705087790924,0.105734718687497,0.0375509670111489,0.0616650409447474
"UNDE_007-M-4-9-20140710",0.204799771635973,0.477238594544292,0.114817809712006,0.104798223594802,0.0375442992101223,0.0608013013028051
"UNDE_008-M-15-7-20140707",0.20899278964678,0.479804769184368,0.102818038705658,0.105924289392529,0.0387417660578459,0.0637183470128193
"UNDE_008-M-33-11-20140707",0.207193547871894,0.479099751212717,0.108564701010247,0.105133923428094,0.0380919521361635,0.0619161243408854
"UNDE_008-M-4-7-20140707",0.207683139241104,0.482211474365583,0.10598823044618,0.104426404485425,0.037821295870201,0.0618694555915081
"UNDE_013-M-2-0-20140708",0.206148901830083,0.47930542315701,0.111158290942008,0.104094776001875,0.0378132814344052,0.0614793266346185
"UNDE_013-M-39-30-20140708",0.20584411614367,0.478983117124361,0.10738636799816,0.106111665674785,0.0382360026189772,0.063438730440047
"UNDE_013-M-8-11-20140708",0.206065247043045,0.479008612507951,0.101800770908402,0.108046032471466,0.039083524362287,0.0659958127068487
"UNDE_014-M-36-16-20140711",0.205319770084487,0.475171331545125,0.103834270491691,0.109779392282048,0.0393057672947525,0.066589468301897
"UNDE_014-M-6-12-20140711",0.205738633129563,0.477584009410992,0.111120598207863,0.105673237384376,0.0377914876578458,0.0620920342093602
"UNDE_017-M-0-30-20140707",0.207144058363685,0.480325610944516,0.125184935317223,0.0968589497264193,0.0355911532267011,0.0548952924214549
"UNDE_017-M-23-38-20140707",0.206699682793348,0.480752280368987,0.109837822849817,0.103700363497404,0.0376080559199506,0.0614017945704929
"UNDE_019-M-23-30-20140708",0.205630666173668,0.479454428768587,0.112041808902314,0.104302786795555,0.0375062985220802,0.0610640108377967
"UNDE_019-M-30-38-20140708",0.205210236306226,0.477002155585285,0.111353503754603,0.105721426693727,0.0381269011367,0.0625857765234586
"UNDE_019-M-33-4-20140708",0.206063662855611,0.478288699722405,0.115285618209374,0.102534014970369,0.0374055651467359,0.0604224390955053
"UNDE_027-M-19-30-20140708",0.205506790877286,0.47907221039101,0.105508451578221,0.10683239030528,0.038631974358332,0.064448182489871
"UNDE_027-M-23-8-20140708",0.206055907266708,0.476730932953045,0.103717802155333,0.10846182992674,0.0391425380584002,0.0658909896397738
"UNDE_027-M-31-3-20140708",0.206791143247802,0.479476694627441,0.110240301714517,0.104083184521693,0.0378322803966979,0.0615763954918491
"UNDE_032-M-18-37-20140709",0.205431484556496,0.47907185891175,0.112982247141245,0.103407248176925,0.0374322416741825,0.0616749195394008
"UNDE_034-M-35-0-20140715",0.206021956638838,0.480572015895452,0.0978295130647929,0.109978421457201,0.0392180871438588,0.066380005799858
"UNDE_034-M-37-20-20140715",0.205166940921399,0.478814953003443,0.0957874633878772,0.111874747068522,0.0397626946691706,0.0685932009495875
"UNDE_035-M-1-23-20140715",0.205034840428249,0.478882469431293,0.10501722616597,0.107273676530425,0.0387732976239302,0.0650184898201323
"UNDE_035-M-13-1-20140715",0.205921767596447,0.480202496709264,0.120263376368337,0.0999255234699453,0.036391614437627,0.0572952214183799
"UNDE_037-M-25-17-20140710",0.204488812984183,0.543638832334416,0.0270802415320501,0.109068818994185,0.0360259220271856,0.0796973721279796
"UNDE_037-M-28-36-20140710",0.204105744909273,0.544672967371594,0.0276739895392361,0.108886573621876,0.0357624749164169,0.078898249641604
"UNDE_037-O-28-36-20140710",0.202088854206235,0.5435567941228,0.0302133166571482,0.111536806771174,0.0351009684959173,0.0775032597467255
"UNDE_037-O-9-7-20140710",0.183111810116079,0.520097102740481,0.0579356273039173,0.136979062738352,0.0320404333868243,0.0698359637143457
"UNDE_043-M-17-38-20140710",0.181923864889016,0.373079028288488,0.279928571739271,0.088072392852126,0.0347311793318135,0.0422649628992852
"UNDE_043-M-32-36-20140710",0.185402201693142,0.379419598385527,0.257861610895606,0.0937585862280547,0.0369915524665727,0.0465664503310982
"UNDE_044-M-37-7-20140718",0.156869125606851,0.315007736149061,0.379491108645282,0.08235130946387,0.0310080775143463,0.0352726426205897
"UNDE_044-O-37-7-20140718",0.12950738105964,0.268768966983573,0.451813124373791,0.090066115175366,0.0274006224721114,0.0324437899355189
"WOOD_001-M-36-24-20140828",0.227373730898221,0.378527907920063,0.10927253365069,0.141206708842995,0.0423869915798282,0.101232127108203
"WOOD_001-M-8-40-20140828",0.249078926122812,0.393438710602465,0.0655707910253503,0.143517607633166,0.0435952415623056,0.1047987230539
"WOOD_001-M-8-8-20140828",0.235816281518729,0.384665929070463,0.0884474164096954,0.143783257211805,0.0434055015801742,0.103881614209133
"WOOD_001-M-9-4-20140702",0.238601838393021,0.387134382479488,0.0845328142133071,0.14286574010206,0.0432970198093707,0.103568205002754
"WOOD_002-M-33-11-20140702",0.235888516365149,0.384455781776392,0.0908887200842705,0.142464067566731,0.0432653691386597,0.103037545068798
"WOOD_003-M-14-30-20140825",0.239281544148878,0.387372618735388,0.0835353488909157,0.1423382912776,0.0437135848346091,0.103758612112609
"WOOD_003-M-14-6-20140825",0.226585297798604,0.376474502339369,0.0991693267180853,0.144936203940342,0.0445191976020344,0.108315471601566
"WOOD_003-M-26-35-20140825",0.24632295141582,0.392305207040124,0.0697912177913351,0.144115407478948,0.0434151115199112,0.104050104753863
"WOOD_005-M-2-0-20140827",0.230028973689302,0.380773093633759,0.101808750437203,0.14049353101971,0.0434871454090316,0.103408505810994
"WOOD_005-M-39-30-20140827",0.233552369342912,0.383571493253039,0.0955433319405899,0.141011218867485,0.0433382172510939,0.102983369344881
"WOOD_005-M-8-11-20140827",0.22804684717048,0.379039801808262,0.10462612855051,0.141080403760262,0.0434696210138536,0.103737197696633
"WOOD_021-M-38-37-20140702",0.231551700376858,0.381418179607776,0.0991523786167656,0.141729184800784,0.0431969191568715,0.102951637440945
"WOOD_022-M-1-2-20140828",0.225690756987404,0.375897051526759,0.111146066129584,0.143034778336283,0.0427076915736294,0.101523655446341
"WOOD_022-M-3-11-20140828",0.225278657236272,0.376292234953845,0.11619116115727,0.142686310779518,0.0416122817081817,0.0979393541649132
"WOOD_022-M-5-8-20140828",0.223913309262762,0.374681016276114,0.115330761266918,0.142843809085581,0.0423431004016328,0.100888003706992
"WOOD_024-M-18-28-20140827",0.215918378618771,0.367629279824301,0.120666938601701,0.144710836224382,0.0439501688488123,0.107124397882032
"WOOD_024-M-27-27-20140826",0.221100689926368,0.37152584884338,0.109527721385593,0.14713553154233,0.0438723204009878,0.106837887901342
"WOOD_042-M-23-30-20140828",0.26999183235515,0.401467291901475,0.0356983829869616,0.143253773912662,0.0437709564641062,0.105817762379646
"WOOD_042-M-33-4-20140828",0.265079370789986,0.400563980586176,0.0423916462686372,0.142640924719856,0.0438507354043505,0.105473342230994
"WOOD_043-M-19-30-20140828",0.226082168393776,0.376930952346119,0.102690811149597,0.143501998155114,0.0440570969499229,0.106736973005471
"WOOD_043-M-23-8-20140828",0.229232931039175,0.378834553886028,0.103243309378814,0.141974676427705,0.0433579216117617,0.103356607656516
"WOOD_044-M-33-17-20140829",0.225939545480912,0.376855551736693,0.111440541196885,0.139892906135285,0.0433753854888535,0.102496069961372
