"","mean.other","mean.Mortierellomycota","mean.Basidiomycota","mean.Mucoromycota","mean.Ascomycota"
"BART_001-M-22-32-20140722",0.0661769939917015,0.147305221596835,0.447914664870954,0.0640840742321327,0.274519045308377
"BART_001-M-7-0-20140722",0.0653524314202621,0.147629657217114,0.448482570168636,0.0640270472830152,0.274508293910973
"BART_001-O-30-37-20140722",0.0652650895848964,0.146872166663909,0.45219336224354,0.0629347404005665,0.272734641107087
"BART_001-O-7-0-20140722",0.0650340263769335,0.147258326098093,0.451125187056961,0.0624831271673908,0.274099333300622
"BART_004-M-25-6-20140722",0.0745199683417023,0.183860723892762,0.366841292825786,0.0718707248119306,0.302907290127819
"BART_004-O-25-6-20140722",0.0749566088552632,0.183141278930879,0.363756288787639,0.0748282865412571,0.303317536884962
"BART_006-M-15-7-20140722",0.074410032938137,0.170313585461817,0.381744835108631,0.0734269580707918,0.300104588420623
"BART_006-M-33-11-20140722",0.0754859755752457,0.170841601497836,0.378927925315859,0.0749169448322846,0.299827552778775
"BART_006-M-33-3-20140619",0.0735786151122256,0.168634480651316,0.384384700471424,0.072653814921283,0.300748388843751
"BART_006-O-4-7-20140722",0.0737133051043386,0.169679280201607,0.384397242244004,0.0724217874003394,0.299788385049711
"CPER_001-M-22-32-20140812",0.0319380010204602,0.062571482128698,0.487025458252152,0.0136763364679173,0.404788722130772
"CPER_001-M-30-37-20140812",0.0433571217610799,0.0862720626924346,0.404829931969824,0.0230646010711322,0.44247628250553
"CPER_001-M-7-0-20140812",0.0371602200764972,0.0739933217814357,0.446876708684804,0.0177465852808315,0.424223164176432
"CPER_002-M-10-34-20140812",0.0454145884476648,0.0900488110121234,0.392430905470584,0.0248491019285691,0.447256593141059
"CPER_002-M-25-6-20140812",0.0450136333755518,0.0898781790968869,0.394164648711023,0.0248035117892377,0.4461400270273
"CPER_002-M-9-4-20140812",0.0470997903422761,0.0944592773514398,0.381643281471151,0.0268725437867271,0.449925107048406
"CPER_003-M-15-7-20140812",0.040236763288119,0.0798250869720429,0.42726126710357,0.0201265093216001,0.432550373314668
"CPER_003-M-33-11-20140812",0.0442227745000516,0.0884857115744736,0.40055322014806,0.023608509959029,0.443129783818386
"CPER_003-M-4-7-20140812",0.0395064269571705,0.0787835758369104,0.43194259561078,0.0195496369557414,0.430217764639398
"CPER_004-M-0-30-20140812",0.0352706627497094,0.0702096326184612,0.463057737801992,0.0160554650971995,0.415406501732638
"CPER_004-M-16-7-20140812",0.0378027350335313,0.075535449797167,0.444268397201308,0.0182785771560516,0.424114840811943
"CPER_004-M-23-38-20140812",0.0398859730461725,0.0797047623028434,0.427908531439045,0.0199871465339935,0.432513586677946
"CPER_007-M-3-37-20140717",0.043923303895143,0.0877311745596058,0.402022937078336,0.0235611208567101,0.442761463610205
"CPER_047-M-33-17-20140717",0.0419259868419416,0.0850549862470966,0.416831109490877,0.0213108714092521,0.434877046010832
"DSNY_001-M-1-6-20140813",0.0583093539490344,0.058280603900709,0.52395840362446,0.0447117040252726,0.314739934500524
"DSNY_001-M-17-9-20140701",0.0599704837682834,0.0588451193713984,0.512404532169802,0.0487022991991518,0.320077565491364
"DSNY_001-M-22-32-20140909",0.0601386540578614,0.0589759219552534,0.512159888927075,0.0490458522448574,0.319679682814953
"DSNY_001-M-29-37-20140701",0.0598274313316848,0.0589418727617931,0.511989200523864,0.0487462039867395,0.320495291395919
"DSNY_001-M-7-0-20140909",0.0601579125327997,0.0591708163146974,0.51152795259657,0.049011703164117,0.320131615391816
"DSNY_001-M-7-5-20140813",0.0589821595688631,0.0576869963752019,0.517214700428639,0.0471432944907268,0.318972849136569
"DSNY_001-M-9-11-20140701",0.0602062281456224,0.0590184544602152,0.511896333470893,0.0488039630299564,0.320075020893313
"DSNY_002-M-10-34-20140910",0.0643770268898015,0.0626596248815419,0.484439199184714,0.0578352323705849,0.330688916673358
"DSNY_002-M-11-0-20140813",0.0641669209163819,0.0627146748831684,0.485814050614719,0.0577386213187571,0.329565732266974
"DSNY_002-M-25-6-20140910",0.0643684693988559,0.0625696721867468,0.485263615756714,0.057733336555939,0.330064906101745
"DSNY_002-M-30-5-20140813",0.0640515013937342,0.0622550276110107,0.482616989792727,0.0582811177127457,0.332795363489783
"DSNY_002-M-9-4-20140910",0.0645694453065941,0.062493477060154,0.48615111149104,0.0571991352623317,0.32958683087988
"DSNY_003-M-1-7-20140813",0.0636405154610288,0.0630225153247429,0.476784794734454,0.0555491088788668,0.341003065600908
"DSNY_003-M-3-26-20140813",0.0658251808754353,0.0597003162658342,0.452591852568708,0.0667862537810048,0.355096396509017
"DSNY_003-M-33-0-20140813",0.0680975651980781,0.0599909890945955,0.444839334114464,0.0696932020607591,0.357378909532104
"DSNY_004-M-21-38-20140813",0.0719807327536821,0.0667504837338632,0.436191638250432,0.0762087146721473,0.348868430589875
"DSNY_009-M-2-0-20140813",0.0635058995915236,0.0652342514397887,0.494028618578309,0.0532843181138447,0.323946912276534
"DSNY_009-M-26-3-20140701",0.0641702265236528,0.0647581184338755,0.489464503202823,0.0547990368312405,0.326808115008408
"DSNY_009-M-29-2-20140701",0.064236260603968,0.0646808199665889,0.490145604489158,0.0547185887273758,0.326218726212909
"DSNY_009-M-33-11-20140910",0.0642470503899707,0.0647830416893317,0.490050944849111,0.0546202151434176,0.326298747928169
"DSNY_009-M-39-30-20140813",0.0643687248629258,0.0644798674220121,0.488246885811466,0.0553970476579112,0.327507474245685
"DSNY_009-M-8-11-20140813",0.061693661041751,0.0632305964627172,0.498473622843352,0.0522957644471446,0.324306355205036
"DSNY_016-M-0-30-20140910",0.0549579573444983,0.0585555615357496,0.546573362799249,0.0389951207760457,0.300917997544457
"DSNY_016-M-16-7-20140910",0.0553197768643184,0.058412672994691,0.545656962246412,0.0387251815315584,0.30188540636302
"DSNY_016-M-23-38-20140910",0.0551598503761897,0.0583646567034274,0.545226172463961,0.0387965799798907,0.302452740476531
"DSNY_016-M-35-24-20140701",0.0551244708785968,0.0585983297341528,0.546717396974957,0.0385654772388588,0.300994325173435
"DSNY_016-M-5-26-20140701",0.0551438952170801,0.0585279769644294,0.545982660707581,0.0388267858995286,0.301518681211381
"DSNY_016-M-6-12-20140813",0.0521120570192797,0.0583549847321994,0.569727503822866,0.0324118198404063,0.287393634585249
"DSNY_043-M-18-37-20140814",0.0517265103272974,0.0524942887414204,0.555776975621165,0.0372173185910402,0.302784906719077
"DSNY_043-M-2-27-20140814",0.0442031856700978,0.045011514023566,0.600494970326802,0.0277520416876772,0.282538288291857
"HARV_001-M-14-7-20140812",0.0638451953187731,0.149422804041877,0.462310541424023,0.0690309490526268,0.2553905101627
"HARV_001-M-15-1-20140812",0.0633358994517867,0.148746701551356,0.464212008956689,0.0680900185899654,0.255615371450203
"HARV_001-M-39-16-20140812",0.0639508951661886,0.149888205643942,0.460271884531721,0.0689889606155479,0.2569000540426
"HARV_001-M-7-0-20140715",0.0744497456926681,0.170261070826632,0.425745119370937,0.0751867358809499,0.254357328228813
"HARV_001-O-14-7-20140812",0.0643751152748849,0.15007646182738,0.458544093775208,0.0696040870493432,0.257400242073184
"HARV_001-O-15-1-20140812",0.0635001548949419,0.148715759165513,0.463667343098554,0.0681895185167827,0.255927224324208
"HARV_002-M-24-40-20140716",0.0763638561234202,0.191974885420596,0.38102268461663,0.0733682059684406,0.277270367870914
"HARV_002-O-33-2-20140716",0.0662373354981151,0.158068858845006,0.400952772469459,0.0784028356956759,0.296338197491744
"HARV_004-M-19-1-20140812",0.0796724715108901,0.228728977840226,0.277925029645299,0.0786125663239987,0.335060954679587
"HARV_004-M-25-6-20140715",0.0915196513658005,0.258622750163323,0.247464726544323,0.0828202760452877,0.319572595881266
"HARV_004-M-3-28-20140812",0.0802449912027928,0.229417620788685,0.277092547802572,0.0794014983551242,0.333843341850826
"HARV_004-M-9-34-20140812",0.079868651895761,0.229341492744468,0.278560538888605,0.0788097322071157,0.33341958426405
"HARV_004-M-9-4-20140715",0.0935820372107513,0.249572537303705,0.237400598006709,0.0922349102287919,0.327209917250043
"HARV_004-O-10-34-20140715",0.0507717723955159,0.183453367193717,0.381909299526947,0.0478869725428167,0.335978588341004
"HARV_004-O-19-1-20140812",0.0797611020175324,0.22885471908873,0.277886655895546,0.0781698344557965,0.335327688542396
"HARV_004-O-25-6-20140715",0.053053668071183,0.194035230820993,0.376155845272392,0.0473379706090605,0.329417285226371
"HARV_004-O-3-28-20140812",0.0800095534652822,0.229283262720194,0.276817535165849,0.079373753703593,0.334515894945083
"HARV_010-M-2-0-20140715",0.07188776165058,0.154301851166825,0.444225606954698,0.0789860480771369,0.25059873215076
"HARV_010-M-8-11-20140715",0.0711999054518144,0.149078951608566,0.442976990827535,0.0821550051923715,0.254589146919714
"HARV_010-O-2-0-20140715",0.033783462946598,0.0980258977193374,0.610344470639198,0.0355151897078811,0.222330978986985
"HARV_010-O-39-30-20140715",0.0411333493569279,0.109462048033252,0.573215720849359,0.0440570854918991,0.232131796268562
"HARV_010-O-8-11-20140715",0.0325996752243452,0.0973041107295844,0.620638789026035,0.0328938885020458,0.21656353651799
"HARV_013-M-0-13-20140812",0.0672674314757402,0.158423600798744,0.456501297427294,0.0679633970361037,0.249844273262118
"HARV_013-M-14-6-20140812",0.0674429180224978,0.159053919356174,0.455628911773787,0.0683127353552614,0.24956151549228
"HARV_013-M-28-3-20140812",0.0672375514673413,0.158181916753556,0.457098963605056,0.0675691820290888,0.249912386144958
"HARV_013-O-14-6-20140812",0.0672954648648231,0.158310739925413,0.457423328476329,0.0678858707028274,0.249084596030608
"HARV_013-O-15-7-20140717",0.0641223012147247,0.155421710936305,0.468929824998041,0.0633562038006305,0.248169959050299
"HARV_013-O-28-3-20140812",0.0675817615747803,0.15781651407116,0.455110065939171,0.0685580541806984,0.25093360423419
"HARV_016-M-0-30-20140715",0.0702936400863204,0.174211637415453,0.443818050414707,0.0662620534002433,0.245414618683276
"HARV_016-M-16-7-20140715",0.0687509729758754,0.168474554421017,0.448863876425015,0.0666383919970203,0.247272204181072
"HARV_016-O-0-30-20140715",0.0262770725286626,0.0926672374317951,0.64169845089085,0.0257552613244992,0.213601977824193
"HARV_020-M-12-33-20140812",0.109733025986374,0.305152388418669,0.10260386221844,0.122254488081673,0.360256235294843
"HARV_020-M-30-27-20140812",0.109381677478784,0.304764277005719,0.102818395494728,0.122531189455029,0.36050446056574
"HARV_020-M-37-22-20140812",0.109447498469572,0.304067609012447,0.103072354595158,0.122141594868888,0.361270943053936
"HARV_020-O-12-33-20140812",0.108934462372086,0.304652833827963,0.103175396880206,0.121956224418654,0.361281082501091
"HARV_020-O-30-27-20140812",0.109510932831928,0.304767314650521,0.103002393585417,0.12168984036738,0.361029518564754
"HARV_020-O-37-22-20140812",0.109471772590836,0.304554488572977,0.102640087980876,0.122304925436902,0.361028725418409
"HARV_021-M-36-16-20140717",0.0647234881205039,0.136292431705422,0.456565668009608,0.08076800933243,0.261650402832037
"HARV_021-M-6-12-20140717",0.0607483022482792,0.137360031519789,0.48355595836675,0.0682177470075374,0.250117960857645
"HARV_021-O-3-37-20140717",0.0652581167776473,0.141558595184444,0.459760778849505,0.076774839303789,0.256647669884615
"HARV_021-O-36-16-20140717",0.0645893576069801,0.140920773226865,0.468048718791617,0.0738187719270779,0.25262237844746
"HARV_033-M-23-30-20140717",0.0772220783304619,0.190192340526637,0.372871519249792,0.0772992186920155,0.282414843201094
"HARV_033-M-30-38-20140717",0.0780133516045644,0.196739867027192,0.373910701231475,0.0740405900535844,0.277295490083184
"HARV_033-M-33-4-20140717",0.0760379777300396,0.191848031397917,0.37924621246763,0.0736779875960445,0.279189790808369
"HARV_033-O-23-30-20140717",0.0323107462769294,0.112763947221953,0.568176867518259,0.0318376293736713,0.254910809609187
"HARV_033-O-30-38-20140717",0.0324128836748363,0.115783377750739,0.571265421042198,0.0304593077710928,0.250079009761133
"HARV_034-M-23-8-20140717",0.069903940981302,0.158892686950717,0.439528668179274,0.0741116226224586,0.257563081266249
"HARV_034-M-31-3-20140717",0.0720366217255205,0.159355982521995,0.430151667864198,0.0784358212339671,0.260019906654319
"HARV_035-M-18-37-20140717",0.07350453914615,0.156377729131779,0.420084397578194,0.0846951034055739,0.265338230738303
"HARV_035-O-18-37-20140717",0.0301607015127897,0.0881992798744193,0.608059894958711,0.0357497464480939,0.237830377205986
"JERC_001-M-17-34-20140710",0.0443099558143774,0.0349746752002285,0.63723211024217,0.023918543800213,0.259564714943011
"JERC_001-M-29-2-20140710",0.0442539549046137,0.0349134134737358,0.637290015853375,0.0240024144462531,0.259540201322022
"JERC_001-M-7-5-20140805",0.0452263868251795,0.0359341031981908,0.633223487666107,0.0244848363706639,0.261131185939859
"JERC_001-M-9-17-20140805",0.044853605521548,0.0354861735704781,0.634487351683776,0.0242765675356157,0.260896301688583
"JERC_002-M-11-0-20140805",0.0488048837539061,0.0344965919217587,0.599028785156942,0.0325217622011274,0.285147976966266
"JERC_002-M-12-7-20140710",0.0478074543239892,0.0339362500677017,0.605975888446318,0.0310681392996306,0.28121226786236
"JERC_002-M-27-36-20140805",0.047030377115846,0.0332086590996065,0.611433645114906,0.0299225540583375,0.278404764611304
"JERC_002-M-30-5-20140805",0.0552740644667407,0.0388437339547039,0.568702505995604,0.0394307048464338,0.297748990736518
"JERC_003-M-1-7-20140805",0.0453467634972767,0.035388144470477,0.628375921608928,0.0256596079106973,0.265229562512621
"JERC_003-M-3-26-20140805",0.0501203949139965,0.0396535126151672,0.610116963910021,0.0287059659833698,0.271403162577446
"JERC_003-M-33-0-20140805",0.0411182416875236,0.0346803466540365,0.661894844036784,0.0193596553289534,0.242946912292703
"JERC_005-M-24-40-20140805",0.0525858647820556,0.0344439621690085,0.57283132071527,0.0396898078577005,0.300449044475966
"JERC_005-M-33-2-20140805",0.0460290960976981,0.0325905971375942,0.614883283342479,0.029235206235087,0.277261817187142
"JERC_005-M-4-9-20140805",0.0550041020690566,0.0325803862358393,0.546808413325428,0.0488687743021511,0.316738324067525
"JERC_006-M-15-33-20140710",0.0471797160165287,0.0342332679931161,0.614832571812526,0.0290552464538986,0.274699197723931
"JERC_006-M-2-0-20140805",0.0512736839434555,0.0364046550651761,0.589435862165784,0.0345322754751581,0.288353523350427
"JERC_006-M-21-39-20140710",0.0469802851319094,0.03429530954264,0.614374474801763,0.0288926629755709,0.275457267548116
"JERC_006-M-8-11-20140805",0.0471955320473584,0.0343955720140877,0.612730070055306,0.0293068244997755,0.276372001383473
"JERC_008-M-23-30-20140805",0.0395562777266567,0.0292878267121728,0.655592693248109,0.0213448659148444,0.254218336398217
"JERC_008-M-33-4-20140805",0.0464197619363333,0.0335931429072849,0.615281235636206,0.0287681605000664,0.27593769902011
"JERC_047-M-36-16-20140805",0.0455957093927281,0.0343209289723148,0.621803512043186,0.0262761814499424,0.272003668141829
"JERC_047-M-6-12-20140805",0.0435878395623386,0.0360668515291918,0.643544213109892,0.0215377347221547,0.255263361076423
"JERC_048-M-19-30-20140805",0.0467952729084814,0.033472006429907,0.609742418970081,0.0293190445721548,0.280671257119375
"JERC_048-M-31-3-20140805",0.0449770659882506,0.0344600131064161,0.62554956601979,0.0255688703819214,0.269444484503621
"JERC_049-M-2-27-20140805",0.0571294477844936,0.0382957012126845,0.547320298468378,0.0452594709215177,0.311995081612926
"ORNL_001-O-17-34-20140715",0.0668127040514421,0.176169390498027,0.378745356884371,0.0655709542037142,0.312701594362446
"ORNL_003-O-9-11-20140714",0.0721563547260042,0.180166780003742,0.353114818735707,0.0843417869196249,0.310220259614922
"ORNL_021-O-15-33-20140714",0.0691058288446929,0.221350088730977,0.277469037336324,0.0507923135286923,0.381282731559314
"ORNL_029-O-9-2-20140714",0.0473495733067616,0.135127632872051,0.473440811375965,0.032451641876266,0.311630340568956
"ORNL_031-O-11-3-20140714",0.0726796280958052,0.24525771948391,0.218766908705099,0.0482592399135369,0.415036503801649
"ORNL_037-O-4-23-20140715",0.0611930286397336,0.148082290622009,0.41438621287174,0.0726644898704151,0.303673977996102
"ORNL_043-O-2-27-20140715",0.0778962299805006,0.198779486973055,0.324156359007073,0.0917533298920307,0.307414594147341
"OSBS_001-M-17-34-20140701",0.0641215868099416,0.127616254296093,0.397502391217114,0.107606349953943,0.303153417722909
"OSBS_001-M-17-34-20140818",0.0591083224268305,0.114240725812598,0.428173991447232,0.0962511770645429,0.302225783248797
"OSBS_001-M-26-3-20140701",0.0607429771111397,0.119036842538251,0.422249390590201,0.0959856052440094,0.301985184516398
"OSBS_001-M-26-3-20140818",0.0593310444618807,0.114731909094896,0.42804493979837,0.0956891601680616,0.302202946476792
"OSBS_001-M-29-2-20140701",0.0589715836532622,0.116920286841407,0.43252745833125,0.0927939804295065,0.298786690744573
"OSBS_001-M-29-2-20140818",0.0596865059703268,0.121883400169817,0.433549582716401,0.0883407928462327,0.296539718297222
"OSBS_002-M-12-7-20140701",0.0450561366935589,0.0848586225755954,0.52814046655632,0.0600192669607366,0.281925507213789
"OSBS_002-M-12-7-20140818",0.0510904610036813,0.0866608093090518,0.476520369194611,0.0813407511025417,0.304387609390115
"OSBS_002-M-35-24-20140701",0.0476710160309294,0.0915208142490274,0.508569128656479,0.0671144504941569,0.285124590569408
"OSBS_002-M-35-24-20140818",0.0502029887747133,0.0944817125156883,0.491858236910047,0.0706588999926517,0.292798161806899
"OSBS_002-M-5-26-20140701",0.0481995428955289,0.0917834917235685,0.505768679446538,0.0681080368335203,0.286140249100844
"OSBS_003-M-17-9-20140701",0.0686819442585883,0.137764583205456,0.322042682773537,0.109474761549102,0.362036028213317
"OSBS_003-M-17-9-20140818",0.0671181776102059,0.127807646457643,0.323030977638143,0.112689446980281,0.369353751313728
"OSBS_003-M-9-11-20140818",0.0645886674500084,0.127524950490187,0.34632039622271,0.0976086194372361,0.363957366399859
"OSBS_022-M-15-33-20140701",0.0568537787333551,0.124171112737932,0.455658123289582,0.0794331630053065,0.283883822233824
"OSBS_022-M-21-39-20140701",0.0666098497084839,0.147755144158651,0.386554737597566,0.103229202730578,0.295851065804721
"SCBI_002-M-1-6-20140715",0.0657177749271771,0.228029443329406,0.269953537356025,0.0510634965629835,0.385235747824409
"SCBI_002-M-17-34-20140618",0.066830359719159,0.232351301944221,0.263440581199549,0.0530375666099251,0.384340190527146
"SCBI_002-M-26-3-20140618",0.0645182160081447,0.224137102906572,0.276010908092915,0.0493980261094126,0.385935746882956
"SCBI_002-M-29-2-20140618",0.0612607858728974,0.212318154472607,0.296553214104788,0.0444519068896842,0.385415938660024
"SCBI_002-M-7-5-20140715",0.0672518725443535,0.233346331312301,0.260623355810124,0.0539431688168609,0.38483527151636
"SCBI_002-M-9-17-20140715",0.0642316837674677,0.223235999984918,0.277510442118498,0.0491863486398808,0.385835525489236
"SCBI_003-M-11-0-20140715",0.0520138434074282,0.161478342345912,0.444752444881902,0.0423728507275802,0.299382518637177
"SCBI_003-M-13-6-20140618",0.0494661148015582,0.15352878626918,0.462655092384009,0.0386948833555547,0.295655123189698
"SCBI_003-M-27-36-20140715",0.0506787544089298,0.157993640203536,0.454664423653291,0.0403621412545418,0.296301040479701
"SCBI_003-M-30-5-20140715",0.0610480430533109,0.190843643252617,0.385389714411123,0.0566644999352814,0.306054099347668
"SCBI_003-M-35-24-20140618",0.0456845066328312,0.141734495273805,0.48917030376058,0.0336824665437078,0.289728227789076
"SCBI_003-M-5-26-20140618",0.0419539684959746,0.129671591133453,0.516368304063216,0.0290725930314647,0.282933543275892
"SCBI_006-M-1-7-20140715",0.0637866904035911,0.22233516538146,0.280282454152852,0.0476601081960567,0.38593558186604
"SCBI_006-M-15-7-20140827",0.0695889073504883,0.241160980237706,0.248812918515946,0.0567085925723731,0.383728601323486
"SCBI_006-M-17-9-20140618",0.0642109365251704,0.223748083999893,0.278258301292865,0.0481004024662853,0.385682275715786
"SCBI_006-M-27-2-20140715",0.0641504799833694,0.223307642744356,0.279156390775449,0.0479561859117409,0.385429300585084
"SCBI_006-M-29-37-20140618",0.0671067728674105,0.234194792167315,0.261335940520365,0.052721070458347,0.384641423986563
"SCBI_006-M-3-26-20140715",0.0680347956675172,0.237660331312988,0.25526906175278,0.0544829644363582,0.384552846830356
"SCBI_006-M-33-11-20140826",0.0675795515532775,0.237305058904487,0.256665798107344,0.0540947887281094,0.384354802706782
"SCBI_006-M-4-7-20140826",0.0685504433932465,0.240271857945329,0.252650755141649,0.0552100768599081,0.383316866659868
"SCBI_006-M-9-11-20140618",0.0679684009296246,0.237667918220313,0.256059266298578,0.0542677347152361,0.384036679836249
"SCBI_012-M-0-30-20140825",0.0679183536863647,0.236531579449218,0.257369808234575,0.0538084831015314,0.384371775528311
"SCBI_012-M-15-33-20140618",0.0629168681807867,0.218850886164972,0.286765789679044,0.0460563878247093,0.385410068150488
"SCBI_012-M-16-7-20140825",0.0662612545026547,0.232028778025514,0.267065379211456,0.0508073217373847,0.38383726652299
"SCBI_012-M-19-40-20140715",0.0628991139898884,0.219408173001247,0.285685998258164,0.0462735600173068,0.385733154733394
"SCBI_012-M-2-33-20140618",0.0644551426753222,0.224476135404865,0.276674514930611,0.0486004051315885,0.385793801857614
"SCBI_012-M-21-38-20140715",0.0708009476723881,0.247201819997784,0.240669909964679,0.0591276458939226,0.382199676471227
"SCBI_012-M-21-39-20140618",0.0642159772932747,0.223790399570461,0.277509509072068,0.0483341806045018,0.386149933459694
"SCBI_012-M-33-4-20140715",0.0646740810061567,0.224791678663493,0.275549942076739,0.0489746799416931,0.386009618311918
"SCBI_033-M-36-16-20140826",0.0668069257452311,0.232909072767972,0.264348362327123,0.0517921982283095,0.384143440931364
"SCBI_033-M-4-38-20140826",0.0690529793941142,0.241228057798154,0.246051308184175,0.0581932006625791,0.385474453960978
"SCBI_033-M-6-12-20140826",0.0686123780701637,0.242178203761524,0.248732649735644,0.0567202378123942,0.383756530620275
"SCBI_045-M-23-30-20140825",0.0711284002797126,0.246212651131221,0.232704037971556,0.0619171408536438,0.388037769763866
"SCBI_045-M-30-38-20140825",0.0713918610594701,0.245378031506197,0.233648228546759,0.061679197203155,0.387902681684419
"SCBI_045-M-31-2-20140825",0.0702970111624119,0.24386024150325,0.238587533893991,0.0595040137144029,0.387751199725944
"STER_005-M-0-30-20140820",0.0473902476657981,0.0805316196434257,0.386631270165549,0.0242952425522031,0.461151619973024
"STER_005-M-16-7-20140820",0.0445457615394139,0.0752997012533823,0.403192831355679,0.0218222717425231,0.455139434109002
"STER_005-M-23-38-20140820",0.0462704541520892,0.0785976221904309,0.392272794076213,0.0234165495723609,0.459442580008906
"STER_006-M-1-6-20140722",0.0586596398479904,0.100759310260799,0.323018181366422,0.0359927182103426,0.481570150314446
"STER_006-M-22-32-20140820",0.0573718701308588,0.0987317934555512,0.329339273183463,0.0343491467942951,0.480207916435832
"STER_006-M-30-37-20140820",0.0590120084108648,0.101080551564318,0.322656456902709,0.0359702086723857,0.481280774449722
"STER_006-M-7-0-20140820",0.0564846916466701,0.0965158216861441,0.335418550788811,0.0332856322555582,0.478295303622817
"STER_006-M-7-5-20140722",0.0576182717771261,0.099325415290807,0.328672783857562,0.0347202912202585,0.479663237854246
"STER_006-M-9-17-20140722",0.0566859306936615,0.0967365062903801,0.335141256652223,0.0333539101118631,0.478082396251872
"STER_007-M-17-3-20140724",0.0502106043782536,0.0867858188141969,0.369239129693632,0.0268117314868713,0.466952715627046
"STER_018-M-15-7-20140820",0.0524207621156041,0.0889673712049578,0.356745968584549,0.0290939591146999,0.472771938980189
"STER_018-M-4-7-20140820",0.0578672315386259,0.0988667834644178,0.328210169565955,0.0345608708650071,0.480494944565994
"STER_026-M-10-34-20140820",0.0550117511058258,0.0921868338887225,0.341105419991635,0.0322892292148272,0.479406765798989
"STER_026-M-11-0-20140722",0.0571928839008517,0.0967969680022013,0.32975057784832,0.0347525888004878,0.481506981448139
"STER_026-M-27-36-20140722",0.0569248762079167,0.0953013417975182,0.328410469288796,0.0349587432609621,0.484404569444807
"STER_026-M-9-4-20140820",0.0588389406858136,0.0992848334219664,0.319910260011798,0.0366865640934911,0.485279401786931
"STER_027-M-3-26-20140723",0.0447836001259201,0.0772376050978954,0.4037962545061,0.0214409054714102,0.452741634798674
"STER_027-M-33-0-20140723",0.0513968093488836,0.0853984456443961,0.360974697129323,0.0284209375832652,0.473809110294133
"STER_028-M-20-40-20140722",0.0437114295734628,0.0777114395832474,0.415576929553348,0.0196478260910602,0.443352375198882
"STER_028-M-21-38-20140722",0.0455545782134054,0.079467143441672,0.401792688073637,0.0216445012200273,0.451541089051258
"STER_028-M-33-4-20140722",0.0499043245569136,0.0855443189809266,0.372411626879406,0.0262772227692701,0.465862506813483
"STER_029-M-33-2-20140724",0.0536940785711287,0.0967589822844034,0.357286904418647,0.0280159608821263,0.464244073843694
"STER_031-M-2-0-20140723",0.0577934683128119,0.103730542162299,0.335684599626356,0.0321487206118171,0.470642669286717
"STER_033-M-23-30-20140723",0.050182164236445,0.0874849417991464,0.373732305393205,0.02583976891579,0.462760819655414
"STER_033-M-30-38-20140723",0.0478061682425473,0.0824887838061047,0.38742066517858,0.0237026030434108,0.458581779729357
"STER_033-M-33-4-20140723",0.0425384721041116,0.0712899134464436,0.416098956866114,0.0201004423253624,0.449972215257968
"STER_034-M-19-30-20140723",0.0395323266795233,0.0650161481046594,0.433253154731906,0.0181706060639315,0.44402776441998
"STER_034-M-23-8-20140723",0.0418348753776962,0.0683375369089737,0.418262582894235,0.0201659211929593,0.451399083626135
"STER_035-M-18-37-20140723",0.0380916711119432,0.0651406363440432,0.447326485979854,0.0163816418210977,0.433059564743062
"STER_035-M-2-27-20140723",0.0388195884991416,0.0691221205097738,0.451202812049639,0.0155634454887702,0.425292033452676
"STER_035-M-33-17-20140723",0.0384013829911705,0.070776373201207,0.457818264414655,0.0148374771495672,0.418166502243401
"TALL_001-M-14-7-20140804",0.0915738332937722,0.1753093766325,0.207029493109069,0.118093400278315,0.407993896686344
"TALL_001-M-15-1-20140804",0.0917355892390551,0.173782556091269,0.206807497848025,0.118752291172713,0.408922065648938
"TALL_001-M-22-32-20140708",0.0881512894352439,0.169885837159375,0.206874544768105,0.121670485109363,0.413417843527913
"TALL_001-M-30-37-20140708",0.0921770840397777,0.139362443854656,0.164178706281972,0.186388174663498,0.417893591160096
"TALL_001-M-7-0-20140708",0.0957720516899278,0.188894673903993,0.192830597324225,0.123512360357635,0.398990316724219
"TALL_001-O-30-37-20140708",0.0804319420573793,0.182769288637332,0.225025810486827,0.102616190511006,0.409156768307455
"TALL_001-O-7-0-20140708",0.0853540284848929,0.168884142213511,0.20816043324718,0.121759789357594,0.415841606696822
"TALL_002-M-10-34-20140708",0.0669771601739856,0.122400649849825,0.378851106219902,0.0676250155145077,0.36414606824178
"TALL_002-M-19-1-20140804",0.0783132968904347,0.141712549852135,0.315648564689475,0.0933537702698127,0.370971818298143
"TALL_002-M-25-6-20140708",0.0772571537190562,0.142611140054773,0.321865467252261,0.0894600123893183,0.368806226584591
"TALL_002-M-3-28-20140804",0.0720566541343517,0.130136043547449,0.350217565892313,0.0787392213943071,0.368850515031579
"TALL_002-M-31-34-20140804",0.0731023018761086,0.131677254654563,0.343739659419974,0.0814479411198694,0.370032842929485
"TALL_002-M-9-4-20140708",0.0766785050991809,0.138268880726554,0.327568229171756,0.0875830356402544,0.369901349362254
"TALL_002-O-10-34-20140708",0.0602120408274384,0.106726650823639,0.39955832386352,0.0638678710772278,0.369635113408175
"TALL_003-M-24-40-20140707",0.0879869051861161,0.216829560259482,0.157229340948398,0.0796240917825864,0.458330101823418
"TALL_003-M-33-2-20140707",0.0978579578252233,0.218549041852242,0.129154945488903,0.103582859804182,0.45085519502945
"TALL_003-M-6-5-20140707",0.103013655450744,0.250032465773134,0.115231603295129,0.106282154384695,0.425440121096298
"TALL_003-O-24-40-20140707",0.0820491226181682,0.196415137697744,0.178880069551814,0.0705483373106057,0.472107332821668
"TALL_004-M-0-13-20140804",0.0642254851432056,0.102760702884216,0.453682609761546,0.0802761870154273,0.299055015195605
"TALL_004-M-14-17-20140708",0.07033343498242,0.109945406436633,0.415220990970698,0.096962217892304,0.307537949717944
"TALL_004-M-14-6-20140804",0.0654671176969539,0.10613922537831,0.444971139939822,0.0831814336813568,0.300241083303557
"TALL_004-M-24-15-20140708",0.0705169973160175,0.112640841882718,0.41414784198124,0.0978879967378236,0.304806322082201
"TALL_004-M-28-3-20140804",0.0663494834540161,0.106580449427241,0.438379201671872,0.0860400241748535,0.302650841272018
"TALL_004-M-33-11-20140708",0.0686634886461096,0.106822455288215,0.422001310371826,0.0942311272444649,0.308281618449384
"TALL_006-M-0-30-20140707",0.0746392853483614,0.137169611462041,0.333458064021711,0.0817362638642854,0.372996775303601
"TALL_006-M-13-32-20140804",0.0756538534486523,0.140761764191847,0.326604882230959,0.0843370588186418,0.3726424413099
"TALL_006-M-16-7-20140707",0.0750454368446602,0.154056766492666,0.34421282542491,0.0703702528506945,0.35631471838707
"TALL_006-M-23-38-20140707",0.0771603389634533,0.134391497370923,0.307589512415019,0.0978920043784623,0.382966646872142
"TALL_006-M-30-27-20140804",0.0670724574785029,0.124154181999039,0.374106460462214,0.0663839773203415,0.368282922739902
"TALL_007-M-2-0-20140708",0.0834370507164666,0.176889587576234,0.265874813751859,0.0798492433734521,0.393949304581988
"TALL_007-M-39-30-20140708",0.0892247481359438,0.190790329904555,0.240181603059646,0.0907041792198744,0.389099139679981
"TALL_007-M-8-11-20140708",0.0816228750732759,0.172082556132287,0.274629721764167,0.076635904335575,0.395028942694695
"TALL_009-M-3-37-20140707",0.05857928250633,0.100643955274329,0.469906521545116,0.0621241405037616,0.308746100170463
"TALL_009-M-36-16-20140707",0.0648586176175867,0.105115370659813,0.423000819032689,0.0825372056853893,0.324487987004522
"TALL_009-M-6-12-20140707",0.0580130212090703,0.101488778075178,0.474162646527046,0.0600157484632338,0.306319805725472
"TALL_044-M-23-30-20140707",0.0654281187428319,0.106165473996838,0.443941783555304,0.0809825661632961,0.30348205754173
"TALL_044-M-33-4-20140707",0.0653084880732531,0.115398640556291,0.453512170620836,0.0726820888165986,0.293098611933022
"TALL_051-M-19-30-20140707",0.0736305154793563,0.101764268042097,0.373936988949366,0.130161533229577,0.320506694299603
"TALL_051-M-31-3-20140707",0.0679376507691614,0.104773382493009,0.42252788550649,0.0960926408574161,0.308668440373924
"TALL_054-M-18-37-20140707",0.0728260436514409,0.105472440848038,0.384626910722916,0.115672072961052,0.321402531816553
"TALL_054-M-33-17-20140707",0.0720376009363896,0.116322615022392,0.403980794090991,0.0980109007419387,0.30964808920829
"UNDE_001-M-7-0-20140708",0.0839073380282648,0.247864861915766,0.291183256314448,0.0803412693526156,0.296703274388905
"UNDE_001-O-30-37-20140708",0.0479195267967771,0.19224588376625,0.432533919418243,0.0409907110453211,0.286309958973408
"UNDE_006-M-10-34-20140707",0.0738157757460245,0.228399887348495,0.345211050807879,0.0589778990193032,0.293595387078299
"UNDE_006-M-25-6-20140707",0.0738202608221777,0.242239724217653,0.3507372293506,0.0522830123688945,0.280919773240675
"UNDE_006-M-9-4-20140707",0.0724877751202922,0.21834167947394,0.348588113034727,0.0614732675982076,0.299109164772833
"UNDE_007-M-33-2-20140710",0.077029148642468,0.242566915895929,0.327207533654407,0.0633913286480577,0.289805073159138
"UNDE_007-M-4-9-20140710",0.077238383608377,0.241449933396855,0.325936483540875,0.0641216183265096,0.291253581127383
"UNDE_008-M-15-7-20140707",0.0807137905102298,0.256446179826247,0.31237588688162,0.0660190197664841,0.284445123015419
"UNDE_008-M-33-11-20140707",0.0786061284925902,0.246748310816831,0.323084325302539,0.0658791571217727,0.285682078266267
"UNDE_008-M-4-7-20140707",0.0795413443581068,0.249291284068459,0.315574438411408,0.0670903698055734,0.288502563356454
"UNDE_013-M-2-0-20140708",0.0780523913704038,0.243762791983604,0.32586932885747,0.0643073170259649,0.288008170762557
"UNDE_013-M-39-30-20140708",0.0783061030610546,0.247343379773993,0.325851593573507,0.0627909094620536,0.285708014129392
"UNDE_013-M-8-11-20140708",0.0786100867426916,0.25465889783393,0.325035440004386,0.0602097795860927,0.2814857958329
"UNDE_014-M-36-16-20140711",0.0776499976919703,0.257067212329799,0.329521114174131,0.0580197234287615,0.277741952375338
"UNDE_014-M-6-12-20140711",0.0774480790750182,0.247804973645908,0.322549512434555,0.0624792053516656,0.289718229492853
"UNDE_017-M-0-30-20140707",0.0807600446445458,0.23028730535114,0.305002010397785,0.0782090692629801,0.305741570343549
"UNDE_017-M-23-38-20140707",0.0784782085936032,0.244598320344576,0.32180243561951,0.0662617251766375,0.288859310265673
"UNDE_019-M-23-30-20140708",0.0773089904561586,0.240704442716694,0.326713889377041,0.0651914563027171,0.290081221147389
"UNDE_019-M-30-38-20140708",0.0777707899825107,0.244445606809145,0.328450857341814,0.0630536428132745,0.286279103053256
"UNDE_019-M-33-4-20140708",0.0781855881634169,0.241339372692982,0.321228249907273,0.0662335642375669,0.293013224998761
"UNDE_027-M-19-30-20140708",0.077909096417142,0.251352552400595,0.326240301823808,0.0614587009210124,0.283039348437442
"UNDE_027-M-23-8-20140708",0.0781204942497222,0.254947126040038,0.324579220982986,0.0602004751452086,0.282152683582045
"UNDE_027-M-31-3-20140708",0.0789113474505986,0.245023977457205,0.320959107375143,0.0654496771275861,0.289655890589467
"UNDE_032-M-18-37-20140709",0.0786624514679511,0.245815413931134,0.319025598682938,0.0653806958848183,0.291115840033159
"UNDE_034-M-35-0-20140715",0.077663527569134,0.255275852281039,0.327865088494232,0.0593015534664556,0.27989397818914
"UNDE_034-M-37-20-20140715",0.0771247337959904,0.260347242450562,0.329952755743619,0.0569225582527247,0.275652709757104
"UNDE_035-M-1-23-20140715",0.0782246902547006,0.251263920731289,0.326468155608189,0.0612899988420598,0.282753234563762
"UNDE_035-M-13-1-20140715",0.0783724575216269,0.232855451318252,0.31977159834808,0.0709526193652329,0.298047873446807
"UNDE_037-M-25-17-20140710",0.0927853819487445,0.314871008453956,0.185481481086646,0.0772655147564469,0.329596613754207
"UNDE_037-M-28-36-20140710",0.0923055933547538,0.312850255211724,0.186109896726678,0.0776347841333622,0.331099470573481
"UNDE_037-O-28-36-20140710",0.0868866081499414,0.301201538238984,0.198688015101134,0.0739398463660324,0.339283992143908
"UNDE_037-O-9-7-20140710",0.0527473170430974,0.226390045809147,0.3027362715654,0.0482199708830352,0.369906394699321
"UNDE_043-M-17-38-20140710",0.062660462180507,0.176939630296618,0.466843479652115,0.053543871812519,0.240012556058241
"UNDE_043-M-32-36-20140710",0.0617706437306785,0.184165538827449,0.474858210790845,0.0481543255213727,0.231051281129655
"UNDE_044-M-37-7-20140718",0.0491076587158256,0.146618243501677,0.549194286908598,0.0407019073547662,0.214377903519133
"UNDE_044-O-37-7-20140718",0.029877271436237,0.109925374819667,0.650177712132996,0.0228945305246074,0.187125111086493
"WOOD_001-M-36-24-20140828",0.0499485091001551,0.0664708963323157,0.407756600206463,0.0179948816313111,0.457829112729755
"WOOD_001-M-8-40-20140828",0.0639438874559007,0.0867473440023002,0.341247915842925,0.0272977188805744,0.480763133818299
"WOOD_001-M-8-8-20140828",0.0551861603200779,0.0747913943812996,0.384376754391713,0.020842203125749,0.46480348778116
"WOOD_001-M-9-4-20140702",0.0567832345055138,0.0764553447946869,0.3757260294618,0.0221181836971623,0.468917207540837
"WOOD_002-M-33-11-20140702",0.0547945825688041,0.0735034210149724,0.384625653165046,0.0208293410744691,0.466247002176709
"WOOD_003-M-14-30-20140825",0.0576560001527711,0.0770784381771532,0.373296780638231,0.0223050910378167,0.469663689994028
"WOOD_003-M-14-6-20140825",0.0509229413131442,0.0702296840046065,0.418166213659712,0.0164908142618366,0.4441903467607
"WOOD_003-M-26-35-20140825",0.0624008885633205,0.0841629492386586,0.347932783682809,0.0261435471285785,0.479359831386634
"WOOD_005-M-2-0-20140827",0.0526734902633788,0.0696631636479937,0.401045848111341,0.0186178313730634,0.457999666604223
"WOOD_005-M-39-30-20140827",0.0540696372312186,0.0719915790383388,0.391172708474373,0.0199855017531437,0.462780573502926
"WOOD_005-M-8-11-20140827",0.0514214584168512,0.068635133765184,0.408084654575402,0.0178489617494738,0.454009791493089
"WOOD_021-M-38-37-20140702",0.0528026254616842,0.0701553512285156,0.398314357863972,0.0192013994954676,0.45952626595036
"WOOD_022-M-1-2-20140828",0.0483329841594917,0.0654268390590417,0.416316213797662,0.0170425151590166,0.452881447824788
"WOOD_022-M-3-11-20140828",0.0468556065745564,0.0631353931628621,0.414100376991107,0.017582695389249,0.458325927882226
"WOOD_022-M-5-8-20140828",0.0472295115665368,0.0640732077743067,0.421555014801714,0.0165386994622144,0.450603566395228
"WOOD_024-M-18-28-20140827",0.0449275504026323,0.0624737623232171,0.450206611144957,0.013368560505327,0.429023515623867
"WOOD_024-M-27-27-20140826",0.0465815205035294,0.0658307511034241,0.436076801194923,0.014790056619151,0.436720870578972
"WOOD_042-M-23-30-20140828",0.0831657907827049,0.113894675301115,0.264640301530937,0.0442807750750025,0.49401845731024
"WOOD_042-M-33-4-20140828",0.0782729084345604,0.106432230240368,0.282780836680012,0.0393166183701556,0.493197406274904
"WOOD_043-M-19-30-20140828",0.0504695824004098,0.0690211310543951,0.41782718008564,0.0166108040697068,0.446071302389848
"WOOD_043-M-23-8-20140828",0.0512797691804113,0.0687615715492901,0.406570398832794,0.0180111383201765,0.455377122117328
"WOOD_044-M-33-17-20140829",0.0500420203417179,0.0665009390054713,0.414678048769361,0.0171803455764217,0.451598646307028
