"";"other";"acidimicrobiales";"bacillales";"burkholderiales";"caulobacterales";"myxococcales";"rhizobiales";"rhodospirillales";"solirubrobacterales";"sphingomonadales";"xanthomonadales"
"BART_001-M-1-6-20140619";0.719431363614111;0.0170668390334941;0.0097819380553716;0.024228274456303;0.0102834971957724;0.0202792017008516;0.0998883721332037;0.0356475166915131;0.0173801697962502;0.00719087783680262;0.0388219494863271
"BART_001-M-7-5-20140619";0.719380861211675;0.0170493320371038;0.00978325033067741;0.0242757623341832;0.0102509427985923;0.0203316263677877;0.0999701578370415;0.0355807998234181;0.0173324807876927;0.00719013286011879;0.0388546536117093
"BART_001-O-1-6-20140619";0.719478395179665;0.0171041557702762;0.00982644219790167;0.0242162039297815;0.0102609845543401;0.0202940125080622;0.0999262456752215;0.035579567958388;0.0173939324322693;0.0072241287467633;0.0386959310473308
"BART_006-M-3-26-20140619";0.718936529489625;0.0189206316457969;0.00971049866382841;0.0231262632110281;0.0104027614284076;0.0192258863324347;0.101493360324883;0.0365930419518641;0.0178566570147657;0.00745759612080001;0.0362767738165665
"BART_006-M-33-3-20140619";0.718957189890447;0.0189383861744438;0.0097149053777099;0.0231108762163586;0.0104026514082656;0.0192015334847974;0.101509761706228;0.0366081385993952;0.0178826888909092;0.00747985176175136;0.0361940164896947
"BART_006-O-33-3-20140619";0.718930608284404;0.0189444872835181;0.00971180786456918;0.0231200571188921;0.010407445216186;0.0191970180632137;0.101495280586181;0.0366378092179766;0.0178688720792213;0.00745981812899724;0.0362267961568411
"BART_028-M-33-4-20140619";0.719447343852806;0.013885212478441;0.00904974550371665;0.0249386917727717;0.0110586911968851;0.0203281473534877;0.0964077400397583;0.0378712744663672;0.0167092729296849;0.00596940517035155;0.0443344752357304
"CPER_001-M-22-32-20140812";0.674722248325795;0.0503362756790891;0.0209136491690088;0.0181341590535457;0.00584683418187772;0.0216798684364112;0.0951308600757429;0.0161869743110905;0.0297574620242825;0.0550674768828406;0.0122241918603162
"CPER_001-M-30-37-20140812";0.693494323381112;0.0449086416816323;0.0172172146778645;0.0170271540357801;0.00760824667087738;0.0184449548699551;0.0946351149124073;0.0214303941325421;0.0308597150430255;0.0404610689789425;0.0139131716158613
"CPER_001-M-7-0-20140812";0.68478056292837;0.0476325755486701;0.0189854244307654;0.0175733682214655;0.00668479576512198;0.0199973068342589;0.0949723366433807;0.0186314125337554;0.0303468562151202;0.0473143764702206;0.0130809844088717
"CPER_002-M-10-34-20140812";0.69563705938523;0.0441959442931363;0.0167705112396731;0.0168524984892395;0.00789489377416882;0.0179905331398054;0.0944498422078729;0.0223023305293565;0.0310675612936503;0.0386997485640431;0.0141390770838243
"CPER_002-M-25-6-20140812";0.69555306697682;0.0441798804409432;0.0167979122349855;0.0168826486937014;0.00787755972860263;0.0180240378882587;0.0944894152592828;0.0222338055500744;0.0310133936759621;0.0388024323884732;0.0141458471628964
"CPER_002-M-9-4-20140812";0.69803334626202;0.0432954906808122;0.0162349560351253;0.0166599848215681;0.00822216337666833;0.0175206507020296;0.0941539696222109;0.0233159190336005;0.0312523211262456;0.0368881935744838;0.0144230047652364
"CPER_003-M-15-7-20140812";0.68920078372507;0.0462467319197437;0.0181347268984367;0.0173046611004617;0.00713329746184614;0.0192229146268345;0.0948292067443725;0.0200184518013126;0.0306677761809836;0.0437711515020542;0.0134702980388846
"CPER_003-M-33-11-20140812";0.694490851786017;0.0445521872754222;0.0169927531268589;0.0169567728828934;0.00773092702370998;0.0182489225396363;0.0946361833417219;0.0218306346482581;0.0309423317212625;0.0395806633354705;0.0140377723187492
"CPER_004-M-0-30-20140812";0.681241629098536;0.0486416220662124;0.0196844635823884;0.0177868328133316;0.00636398123371012;0.0205912166670935;0.0951244950223488;0.0176940417493962;0.0301158098817401;0.0499945354849427;0.0127613724003
"CPER_004-M-16-7-20140812";0.685931456450536;0.0471741357758612;0.0187992927207113;0.0175107569505272;0.00679084827654902;0.0197999101515561;0.0949014214205877;0.0190069332167214;0.0304855436003673;0.0464507509313798;0.0131489505052025
"CPER_004-M-23-38-20140812";0.689072232359901;0.0463157505525615;0.0181339461375183;0.0173167210399148;0.00710783173192815;0.0192317898406296;0.0947962872203617;0.019905879799586;0.0306575931000943;0.0440034512491143;0.0134585169683902
"DSNY_001-M-1-6-20140813";0.718815973656513;0.0102554681314583;0.0114960178035753;0.0255650388337886;0.0119507954219554;0.0218989616387423;0.0837563029386983;0.0540112381340928;0.0232936025114732;0.00765492305961661;0.031301677870086
"DSNY_001-M-29-37-20140701";0.718260829941544;0.0100764827412827;0.0112051461451768;0.0252900460266327;0.0122760383886884;0.0214593339571847;0.0834046514592452;0.0557208363007084;0.0233082059338092;0.00737900579167112;0.0316194233140569
"DSNY_001-M-30-37-20140909";0.718305610761652;0.0100943806324468;0.0112028424235587;0.0252965195894491;0.0122558225813473;0.0214554981725351;0.0833748109223113;0.055626250239982;0.0233348219751888;0.00739159106604033;0.0316618516354884
"DSNY_001-M-7-0-20140909";0.718324606127124;0.0100885401705096;0.0112354154551951;0.0253222899852909;0.0122624587173128;0.0214634426307609;0.0833815859902872;0.0555800600257167;0.0233169396993762;0.0073971825906054;0.0316274786078217
"DSNY_001-M-7-5-20140813";0.71864429374544;0.0101976969473485;0.0114667001648798;0.0255294157009051;0.0120072964462912;0.021831792857021;0.0836674060625228;0.0544359755915567;0.0233146671438033;0.00760788397120754;0.0312968713690237
"DSNY_001-M-9-11-20140701";0.718347946488863;0.0100833454614538;0.0112372809842579;0.0253058859288701;0.0122371472750715;0.0214547716875325;0.0833794815764339;0.0556624955133468;0.0233135126426268;0.00738235522291099;0.0315957772186326
"DSNY_001-M-9-17-20140813";0.718079674052156;0.00993025300619944;0.010947005594286;0.0250453336626772;0.0125492258550279;0.021034457636152;0.0830036614533416;0.0569916122530589;0.0233728157704576;0.00712878535242607;0.0319171753642169
"DSNY_002-M-10-34-20140910";0.717282412564325;0.00970842721087347;0.0105970252951597;0.0246830056502256;0.0130221583046261;0.0204169040776799;0.0825179180968824;0.0592500926948882;0.0233440954995019;0.00676272111506396;0.0324152394907742
"DSNY_002-M-11-0-20140813";0.717094091045858;0.0096641788695643;0.0105459684767201;0.0246341579705678;0.0130789098994089;0.0203334539804789;0.0824941941415573;0.059655302985364;0.0233485736245444;0.00670214081920157;0.0324490281867351
"DSNY_002-M-27-36-20140813";0.717119518781169;0.00961837505637137;0.010439807786666;0.0245443890455215;0.0131675279909723;0.0201780951627181;0.0822934047202018;0.060089719037758;0.0233804857959034;0.00663156411462712;0.032537112508091
"DSNY_002-M-30-5-20140813";0.717121155064182;0.00964349303782491;0.01046301823743;0.0245743061335249;0.0131401181235384;0.0202027358051091;0.0823685180529081;0.059909539083709;0.0233627044601496;0.00665229530043255;0.0325621167011916
"DSNY_002-M-9-4-20140910";0.717325854011655;0.00969441069010004;0.0105578176812801;0.0246501117160793;0.013037320657922;0.0203699686358325;0.0824282928470102;0.0594309273091853;0.0233580133845588;0.00674257592370331;0.0324047071426737
"DSNY_003-M-1-7-20140813";0.717746685639281;0.0103243883255901;0.0108855459511754;0.0247442013849492;0.012583557156207;0.0207214889950938;0.0835011978913795;0.0573729915891818;0.023502793272629;0.00719119224863434;0.0314259575458784
"DSNY_003-M-3-26-20140813";0.71723208883896;0.0102623935648816;0.0107361616126956;0.0244680727925637;0.0128397424634443;0.0203475430735892;0.0833200527574704;0.0587247489709566;0.023521956215369;0.00702517546545953;0.0315220642446099
"DSNY_004-M-21-38-20140813";0.715142834302222;0.00915942601710275;0.00969187223937056;0.0237542446130268;0.0142076201748741;0.0189099176641882;0.0811505188205067;0.0650867568565936;0.0234126498376095;0.00592400671134051;0.0335601527631653
"DSNY_004-M-33-4-20140814";0.715684816528746;0.00928406088375424;0.00987016274247252;0.0239625388868689;0.0139267400209464;0.0192101544054323;0.0814904077084688;0.0637667137015774;0.0233869661072569;0.00609793246078173;0.0333195065536948
"DSNY_005-M-24-40-20140818";0.718172850881995;0.0100007103292696;0.0110688088470713;0.0251815083043464;0.0124085786813101;0.0212142546685114;0.0832711878338147;0.056333443174151;0.0232936406369776;0.00721289058208306;0.03184212606047
"DSNY_005-M-33-2-20140814";0.718779191605461;0.0102958849398385;0.0116189779174225;0.0256740000011537;0.0118383063312801;0.0220865375350234;0.0838975161437111;0.053620514164374;0.0232767200880564;0.007755079177607;0.0311572720960721
"DSNY_009-M-17-34-20140701";0.71705821496797;0.00964115603368699;0.0104249034774294;0.0245741189968658;0.0131659278881905;0.0201813581692769;0.0824567178816145;0.0599069425418079;0.023291124200543;0.0065952144932511;0.0327043213493641
"DSNY_009-M-2-0-20140813";0.716892188812013;0.00958111571394665;0.0104132212386778;0.0244999416111234;0.0132290004907402;0.0201038847307624;0.0822068559159414;0.060529919857274;0.0233833893090095;0.00659464036198529;0.0325658419585265
"DSNY_009-M-29-2-20140701";0.717059126977554;0.00963040975498221;0.010420005127172;0.0245364974538162;0.0131754955238772;0.0201725051256884;0.0823746018091085;0.0600550445961755;0.023349947636679;0.00661653684586723;0.0326098291490793
"DSNY_009-M-33-11-20140910";0.717001174450452;0.00961020600429849;0.0104610787303979;0.0245440689279053;0.0131749126948538;0.0201809168908635;0.08231002296644;0.0602262755239505;0.0233540738620483;0.00663350766757699;0.0325037622812135
"DSNY_009-M-8-11-20140813";0.717063095661694;0.00961516506331891;0.0104579774789145;0.02454045727835;0.0131769174100255;0.020180652574501;0.0822531775560475;0.0602080470341149;0.0233712819912066;0.00663110516898311;0.0325021227828436
"DSNY_016-M-0-30-20140910";0.718763611780478;0.0103122898558887;0.0115913889281777;0.0256536939005111;0.0118591730722681;0.0220764271414782;0.0838438253879153;0.0536520201523891;0.0233068468376129;0.00776764400184154;0.0311730789414394
"DSNY_016-M-12-7-20140701";0.718727554343014;0.0102941263885547;0.0115871243580603;0.0256767091081078;0.011868895809932;0.0220591659330073;0.0837968844982617;0.0537565051240643;0.0233060808107253;0.00776261180001376;0.0311643418262584
"DSNY_016-M-16-7-20140910";0.718716917864813;0.010299139188926;0.0116060040952716;0.025664094023358;0.0118350517337138;0.0220755196212158;0.0838460128926605;0.0537465997399844;0.0232865696491216;0.00775379423752942;0.0311702969534063
"DSNY_016-M-3-37-20140813";0.718749465936625;0.0102951869103255;0.0115701336210616;0.0256671525880902;0.0118628491585993;0.0220639543308239;0.0839059392638011;0.0536698946794453;0.0232576120895719;0.00772906053919613;0.03122875088246
"DSNY_016-M-35-24-20140701";0.718766798731291;0.0103459930654128;0.0116027388339074;0.0256994676674513;0.0118175447218159;0.0221328199671932;0.0839300500935593;0.0534018374154079;0.0232849463914712;0.00780308733607986;0.0312147157764099
"DSNY_016-M-36-16-20140813";0.718899573602605;0.0103382041550076;0.0116743600938874;0.0257299986515978;0.0117561691939108;0.0221951328964077;0.0839563865877853;0.0532820539756967;0.0232833604689065;0.00781960156935511;0.0310651588048396
"DSNY_016-M-5-26-20140701";0.718800748374165;0.0103024712945475;0.011618189988653;0.0256528124648747;0.0118598734951049;0.0220902570187899;0.0837976187208349;0.0536542117950849;0.0233251139365444;0.00778048329658211;0.031118219614819
"DSNY_016-M-6-12-20140813";0.719177716987768;0.0105390089720359;0.0119681820168954;0.0260433299149485;0.0114426736289662;0.0227118515587584;0.0843744293628224;0.0515949461481331;0.0232339471018228;0.00813209775119446;0.030781816556655
"DSNY_043-M-18-37-20140814";0.719268583778191;0.010635728364635;0.0121738311406324;0.0262096492831638;0.0112453044870024;0.0230470236401192;0.0845738744614217;0.0507395164407361;0.0232462657744687;0.00834323263867022;0.0305169899909598
"DSNY_043-M-2-27-20140814";0.719395668950619;0.011421978290229;0.0136070749151555;0.0274108006023697;0.0100261615263157;0.0253200081507042;0.0860323900308417;0.0447434509270498;0.0231435463248885;0.00987854764793588;0.0290203726338904
"DSNY_043-M-33-17-20140814";0.718766056087371;0.0102588774521233;0.011474265579399;0.0255619753116164;0.0119525246063623;0.0218955552041375;0.0837384389816221;0.054076533983093;0.0232985160944109;0.00765796702910487;0.0313192896707601
"HARV_001-M-14-7-20140812";0.721862810480844;0.0147926540613774;0.00934537090730987;0.0243350766888313;0.0112532656660442;0.0201988144162745;0.0939739147616637;0.0380080676188204;0.0190268130748392;0.00718019202106994;0.0400230203029251
"HARV_001-M-15-1-20140812";0.721872222078525;0.0147599472681558;0.00936547412180331;0.0243703403902827;0.0112251276569492;0.0202112705068752;0.0939496156262445;0.0379633650329115;0.0190092911585906;0.00717609024504099;0.0400972559146211
"HARV_001-M-30-37-20140715";0.721824082934158;0.014726248601054;0.00936040208530431;0.0243811564617835;0.0112459400459875;0.0202079239928587;0.0939715089087504;0.0379832907313965;0.0189864895632061;0.00715664161321543;0.0401563150622854
"HARV_001-M-39-16-20140812";0.721913147412376;0.0147806907894888;0.0093665008017688;0.0243484438646065;0.0112570907337006;0.0201977385097036;0.0939227743213067;0.0379920544434957;0.0190180140893474;0.007171354801923;0.0400321902322832
"HARV_001-M-7-0-20140715";0.721841504839538;0.0147507563818129;0.00936612903746569;0.0244047743261482;0.0112295008227198;0.0202220887342696;0.0939599883201579;0.037954783043965;0.0189810907189797;0.00714987345853548;0.0401395103164077
"HARV_001-O-14-7-20140812";0.721894843511685;0.0147789157989415;0.00936510586367234;0.0243695654690497;0.0112303725000136;0.0202084579455375;0.0939249510592299;0.0379594473925493;0.019021450987074;0.00718383303034967;0.0400630564418971
"HARV_001-O-15-1-20140812";0.721851723618402;0.0147576357254416;0.00936300881260607;0.0243128027765217;0.0112555654052018;0.0201905818061918;0.0939175343057738;0.0380709552929339;0.0190320534011801;0.00717431188875687;0.0400738269669898
"HARV_002-M-24-40-20140716";0.721322486262272;0.0170621084346764;0.00945559369602768;0.0231771191963284;0.01120149477357;0.0191941623497238;0.0960482903629645;0.038506761728043;0.0196872007207453;0.00773941733074209;0.0366053651449064
"HARV_002-O-24-40-20140716";0.721232184823396;0.0171346351758884;0.0094328806394063;0.0231858866890701;0.0112387349230401;0.0192027774768748;0.0960608139611207;0.0384373755779475;0.0196747348861041;0.00773281898920146;0.0366671568579503
"HARV_002-O-33-2-20140716";0.721243515257375;0.0170834490610882;0.00947813067319119;0.0232172636318427;0.0111878570564863;0.0192279470070659;0.0961282483282475;0.0383481579797992;0.0196548186599168;0.00775768234100292;0.0366729300039848
"HARV_002-O-4-9-20140716";0.721332310452345;0.0169294106800857;0.0094364582901052;0.0232241396950638;0.0112244500663708;0.0192226275974837;0.0959384146767071;0.038505445484707;0.0196413235504892;0.0076919766327568;0.036853442873886
"HARV_004-M-10-34-20140715";0.717611679189038;0.0234155090642085;0.00963772309452684;0.0207213142934944;0.0111755983150424;0.0170681422037131;0.100634991734381;0.0395614248210924;0.0212367746900535;0.00908209512043194;0.0298547474740181
"HARV_004-M-19-1-20140812";0.71759585534911;0.0234439903861774;0.00964266146653287;0.0207278863606626;0.0111483866570368;0.0170874983516445;0.10066512656112;0.0394527911903672;0.0212541660480888;0.00912628804913974;0.0298553495801192
"HARV_004-M-25-6-20140715";0.717551113829076;0.0234433582552479;0.00964517906579342;0.0207126787829422;0.0111532391846116;0.0170655597856469;0.100681313690916;0.039555381503944;0.0212313324964108;0.00910471857115045;0.0298561248342609
"HARV_004-M-3-28-20140812";0.717651610846486;0.02339858315235;0.00965155186608477;0.0207345154515275;0.0111627984400863;0.0170866880303119;0.100623000056652;0.0395201262086186;0.0212524840814505;0.00911662943309275;0.0298020124333396
"HARV_004-M-9-34-20140812";0.71764241682319;0.0234046284412062;0.00964602679441817;0.0206885525917333;0.0111775018573976;0.0170566523827765;0.100588786662919;0.0396044212590669;0.0212980853999213;0.00910498446660474;0.0297879433207672
"HARV_004-M-9-4-20140715";0.717616046822982;0.0234179934806366;0.00965612849669112;0.0206915448680994;0.0111592339075195;0.0170554335122359;0.100635911688634;0.039572248409134;0.0212747484786158;0.00911937489949053;0.0298013354359617
"HARV_004-O-10-34-20140715";0.717565433761279;0.023417234229474;0.00965321057960861;0.0207103772870455;0.011167930432514;0.0170777187138565;0.100639405662413;0.0395431832378567;0.0212812563464771;0.00911992010857623;0.0298243296408998
"HARV_004-O-19-1-20140812";0.717602009771552;0.0234290391753168;0.00964537614328561;0.020729394080202;0.0111620764959147;0.0170723818474525;0.100638653286808;0.0395032681151864;0.0212682625943785;0.00912025096823229;0.0298292875216718
"HARV_004-O-25-6-20140715";0.717587788030279;0.0234384297814515;0.00963654861722039;0.0206992572280889;0.0111648099377273;0.0170646899260387;0.10071410672718;0.0395460740326262;0.0212350188253853;0.00909805916922336;0.02981521772478
"HARV_004-O-3-28-20140812";0.717577533615693;0.0234633798399716;0.00963560292070817;0.0207241442169208;0.0111661095121958;0.0170715225596345;0.100669599819969;0.039454360807159;0.0212557649942905;0.0091135462232829;0.0298684354901745
"HARV_004-O-9-34-20140812";0.71760361546659;0.0234527005544946;0.00965219404815846;0.0207283497803861;0.0111573431326351;0.0170815341490901;0.100642591365632;0.0394819648250888;0.0212588822336865;0.00912297022321713;0.0298178542210205
"HARV_010-M-2-0-20140715";0.721713918127698;0.0141567257602294;0.00941507738058793;0.0249248969793414;0.0111782197524439;0.0207383125955687;0.0931125516291102;0.0375464161228064;0.0187936310366992;0.00705600935862672;0.0413642412568879
"HARV_010-M-39-30-20140715";0.721738526450944;0.0141274443082287;0.00940152721330833;0.024851587412546;0.0112009900469525;0.0206643545229523;0.0931845300769652;0.0376696998581118;0.0187485263566201;0.0070363873226916;0.0413764264306798
"HARV_010-M-8-11-20140715";0.721777329570137;0.0140824442750506;0.00937690900260594;0.0249101908909002;0.0112182948144973;0.0207192078591242;0.0931156685789173;0.037621113428252;0.0187496753482162;0.00702410431374047;0.0414050619185588
"HARV_010-O-2-0-20140715";0.721694703156047;0.0140567707467478;0.00935780440003971;0.0249073640683133;0.0112129540574204;0.0207055893026545;0.0931737061226883;0.0375753418811728;0.0187497830975515;0.00702268396749229;0.0415432991998728
"HARV_010-O-39-30-20140715";0.721691093370226;0.0141094738641389;0.00935016366353039;0.0248698312918516;0.0112379494447714;0.0206348293161226;0.0931578327456349;0.0376999732590624;0.0187491401507599;0.00700624555297011;0.0414934673409315
"HARV_010-O-8-11-20140715";0.721617385308057;0.0141732729761648;0.00939473847455649;0.0248726553259831;0.0111865377337577;0.0207045221833062;0.0932735075351138;0.037636451171768;0.0187824636823163;0.00706719239315113;0.041291273215826
"HARV_013-M-0-13-20140812";0.721938075296412;0.0146993673610733;0.00939626189258122;0.0244545739358105;0.0112168918227107;0.0203055886798679;0.0937970689419964;0.0378254830315714;0.0189898695795629;0.00718193008370513;0.0401948893747085
"HARV_013-M-14-6-20140812";0.721831154242302;0.0146432914847359;0.00940723854195212;0.0244891452405268;0.0112056309414985;0.0203700266698605;0.0937935398364447;0.0378037916341897;0.0189435173377413;0.00716782223882699;0.040344841831921
"HARV_013-M-15-7-20140717";0.72185077502357;0.01463508085679;0.00938577412437422;0.0244715046033963;0.0112191472250051;0.0203363946099233;0.0938022401051204;0.0378966231661608;0.0189547346970639;0.00717015181344245;0.0402775737751538
"HARV_013-M-28-3-20140812";0.721801899457256;0.0146963947446348;0.0093932775667343;0.0244883467987976;0.0112031163997023;0.0203213763045384;0.0938806179312058;0.0378088963701799;0.0189392800053598;0.00717405943023625;0.0402927349913549
"HARV_013-M-4-7-20140717";0.721907826657705;0.0147045283006181;0.00940173681913549;0.0244986941824425;0.011198097559519;0.0203267392394186;0.0938321231802479;0.0378128100844304;0.0189520825936912;0.00717739890181005;0.040187962480982
"HARV_013-O-0-13-20140812";0.721832733398927;0.0145873357537109;0.0093841983136123;0.0245282784982069;0.0112070321661466;0.0203524520764641;0.0937925529231534;0.0378267996107557;0.0189380871163974;0.00714363728967968;0.0404068928529461
"HARV_013-O-14-6-20140812";0.721892844070865;0.014643261968616;0.00937709696765658;0.0244916320875898;0.0112015381955646;0.0203367408812379;0.0937566401049207;0.0378111418151532;0.0189835619188704;0.00717573579984747;0.0403298061896783
"HARV_013-O-15-7-20140717";0.72177063646175;0.0146993776829314;0.0093948031329013;0.0245252667267837;0.0111924355374101;0.0203555997708554;0.0938761465588413;0.037759042181147;0.0189698838448127;0.00717153037802898;0.0402852777245378
"HARV_013-O-28-3-20140812";0.7218474430391;0.0146445936537118;0.00938444408374414;0.0244886304600236;0.0112214380984725;0.0202966286062663;0.0938345845356953;0.0378141854887385;0.0189640265486057;0.00717187031983798;0.0403321551658038
"HARV_013-O-33-11-20140716";0.721913082797523;0.0146374677210589;0.00938107170897934;0.024507709061801;0.0112105971904597;0.0203517471194152;0.0937294972756786;0.0377576076583946;0.0189426072146835;0.00716604627168178;0.0404025659803247
"HARV_016-M-0-30-20140715";0.721389709695857;0.014918233566734;0.00924195618023768;0.024277505512365;0.0113668229538996;0.0200391704810235;0.0938107173495934;0.0384033862629788;0.0190328884251001;0.00706678013612023;0.0404528294360912
"HARV_016-M-16-7-20140715";0.721333013369456;0.0150436454798291;0.00927664761242904;0.024179063924124;0.0113831446101949;0.0199850168439063;0.0938400697176337;0.0385030642779003;0.0190853462073985;0.00712213725055127;0.0402488507065765
"HARV_016-O-0-30-20140715";0.721386517421518;0.0148563920833472;0.00924900617912905;0.0241809002236368;0.0114610586354637;0.0199638074617027;0.0938096846343474;0.0386278005615422;0.0190796107449059;0.00706264132149296;0.0403225807329138
"HARV_016-O-16-7-20140715";0.721222771394457;0.0149340459603565;0.00925768908573076;0.0242563098399711;0.0114144946368099;0.0199668571150078;0.0938372288297855;0.0386285028284675;0.0190307244749291;0.00708278189069742;0.0403685939437874
"HARV_020-M-12-33-20140812";0.705851450119695;0.0361239432996447;0.00982642837913808;0.0174952201573916;0.0113332788624403;0.0142248685049275;0.106280504519221;0.041722273023461;0.0236189792404259;0.011135948607041;0.0223871052866141
"HARV_020-M-30-27-20140812";0.705691300358984;0.036265249812149;0.00976570475539333;0.0175079496658813;0.0113333905321287;0.0142207789380252;0.106474016914453;0.0416141145329187;0.023548237764116;0.0110945294955669;0.0224847272303846
"HARV_020-M-37-22-20140812";0.705808745007414;0.0361692414553478;0.00977905865462079;0.0174894868964382;0.0113349742025677;0.0142159132094675;0.106399378794119;0.0416875326615729;0.0235704317963955;0.0111141754108566;0.0224310619112003
"HARV_020-O-12-33-20140812";0.705786735404152;0.0361355919222962;0.00979690043294219;0.0174884429782042;0.011334529023337;0.014206461595209;0.106378162930957;0.0417558081662119;0.0235755890532929;0.0111212001241393;0.0224205783692584
"HARV_020-O-30-27-20140812";0.705786411938514;0.0361808329168353;0.00978985027300233;0.0174891276333627;0.0113445491495001;0.014213836487036;0.106363462702249;0.0416342281283247;0.0236142041627607;0.0111426599790794;0.0224408366293351
"HARV_020-O-37-22-20140812";0.705760407118955;0.0361871594818719;0.00978502344852474;0.0174878776573558;0.0113591625582083;0.0141990496645606;0.106369509578898;0.0416701372587997;0.0235955047001284;0.0111254862409662;0.0224606822917317
"HARV_021-M-3-37-20140717";0.721670001131704;0.0143121431174659;0.00936389642211009;0.0247895829254032;0.0112262419062111;0.0206050255847573;0.0932933897415599;0.037673547565686;0.0188331963252732;0.00706933998754647;0.0411636352922825
"HARV_021-M-36-16-20140717";0.721659226185999;0.0142250264685963;0.00940490628199691;0.0248597973947999;0.0111956653769359;0.0206753795667285;0.0932393565269929;0.0375724221714049;0.0187628002594724;0.00704885876114721;0.041356561005926
"HARV_021-M-6-12-20140717";0.721582844821736;0.0143197465229062;0.00937386125836827;0.0248445470122946;0.0111865473527067;0.0206382862377888;0.0933411619513012;0.0376730576112259;0.0188427601326994;0.00708055322851075;0.0411166338704624
"HARV_021-O-3-37-20140717";0.721414220954582;0.0143217051692878;0.00938086046537159;0.0247922365682204;0.0111961115728263;0.0205838738722391;0.0935337087934115;0.0376094855316152;0.0187902861036497;0.00706196954005777;0.0413155414287391
"HARV_021-O-36-16-20140717";0.721615192890919;0.0142074744105397;0.00935675508107113;0.0248544527927112;0.0111953665708406;0.02066638822889;0.0933037066392184;0.0376556774411116;0.0187633213791748;0.00704466173421514;0.0413370028313088
"HARV_033-M-23-30-20140717";0.721376207895435;0.0172122822890477;0.00944359246805321;0.0230805054571421;0.0112157288215452;0.0190922380567661;0.0962376171028033;0.0384906623286732;0.019732121934434;0.00777086124935513;0.0363481823967452
"HARV_033-M-30-38-20140717";0.721285105867204;0.0172439582350578;0.00944450034417217;0.0231108622219922;0.0112054635379377;0.0191254503561411;0.0963162590693223;0.0384184563857165;0.0196970465425797;0.00776945233184645;0.0363834451080306
"HARV_033-M-33-4-20140717";0.721323879602351;0.0171726484894348;0.00946330279713288;0.0230949887875855;0.0112154223180978;0.0191147292719767;0.0962131239764768;0.038600024884003;0.0197187836751143;0.00776365708022278;0.0363194391176041
"HARV_033-O-23-30-20140717";0.721356380112474;0.0171761087649281;0.00944934395618744;0.0230825820606946;0.0112109097868449;0.0191167072488816;0.0962125220211919;0.0385689265118718;0.0197449839069007;0.00776026053940796;0.0363212750906171
"HARV_033-O-30-38-20140717";0.721270899187075;0.017201059013585;0.0094389477885517;0.0231130621712812;0.0112146535957192;0.0191207106245789;0.0962288255599373;0.0385555987284322;0.0197305406554268;0.00776121261944869;0.0363644900559642
"HARV_034-M-23-8-20140717";0.721831515370151;0.0148273172963309;0.00939263938761123;0.0243480556331803;0.0112062271364335;0.0202233294268098;0.0940902290865765;0.0379096763260968;0.018983973344393;0.00720140037671761;0.0399856366156988
"HARV_034-M-31-3-20140717";0.721837847809766;0.0148420275642226;0.00937980483250528;0.0243861258784882;0.0112086884139955;0.0202156959283961;0.0941101691523784;0.0378366680861895;0.0189942666253386;0.00719820183478236;0.0399905038739379
"HARV_034-O-19-30-20140717";0.721956780264914;0.0148297802265455;0.00941575432764215;0.0243807023700429;0.0111934734911744;0.0202650303233898;0.0940249840059209;0.0378203504328215;0.0190188148222259;0.0072438820516486;0.0398504476836746
"HARV_035-M-33-17-20140716";0.721699780513153;0.015803709214829;0.00942729523908347;0.0237777887378678;0.0112208308217311;0.0197266997093677;0.0949816753608448;0.0382831320182469;0.0193543359588705;0.00745281938099734;0.0382719330450087
"HARV_035-O-18-37-20140717";0.721788310116226;0.0158335430775755;0.00941263606262313;0.0237950090863084;0.011204834241108;0.019736050863312;0.0949985667897418;0.0381575490003369;0.0193202184401199;0.0074574551328971;0.0382958271897515
"JERC_001-M-1-6-20140805";0.722398925916917;0.0116433326031418;0.0144736468392819;0.026836828195421;0.00909056572227626;0.0251874926484471;0.0913941916219961;0.0406894543942096;0.0191330254536779;0.00916083726113533;0.0299916993434963
"JERC_001-M-17-34-20140710";0.72260015306099;0.0114732552464664;0.014061604514895;0.0265614757793283;0.00935226235442631;0.0246153934341625;0.0910790980022458;0.0419047507222388;0.0191678370360464;0.00877400557178475;0.030410164277416
"JERC_001-M-29-2-20140710";0.722625017962025;0.0114311441419932;0.0140769778239463;0.0265252526211014;0.0093614830226582;0.0246069548082033;0.0910132440677111;0.0420688190049016;0.0191762617065298;0.00878411975994851;0.0303307250809814
"JERC_001-M-7-5-20140805";0.722687272490045;0.0113545548736577;0.0139205762132539;0.0264283212643227;0.00946581269099862;0.0243903369870011;0.0908610715420142;0.042584130983768;0.0191730302410291;0.0086242658025196;0.03051062691139
"JERC_001-M-9-17-20140805";0.722681775239626;0.0114189377200166;0.0139925349479962;0.0264837173095169;0.00941079479186733;0.0244923927026199;0.0909722901513447;0.0422081846882433;0.0191678531076771;0.00869851313599563;0.0304730062050968
"JERC_002-M-11-0-20140805";0.722751217313991;0.0112684028971648;0.0137808318859093;0.026308534670389;0.00957101100696581;0.0241499820503572;0.0907112975577545;0.0431332018246797;0.0191928692993123;0.00847958091841398;0.0306530705750626
"JERC_002-M-12-7-20140710";0.722623840812142;0.0113808223380837;0.013945669339222;0.0264449823500871;0.00945062269913352;0.0244266352155648;0.090948565127437;0.042423524463013;0.0191631893228531;0.00864948892125122;0.0305426594112128
"JERC_002-M-27-36-20140805";0.722587861970329;0.0115195252097186;0.0142586224941025;0.0266379841664037;0.00925020349271907;0.024820816863028;0.0911296602091265;0.0414829509414651;0.0191802792813095;0.00893521791573222;0.0301968774560659
"JERC_002-M-35-24-20140710";0.722746686192998;0.0113699156370752;0.0139175053894024;0.026421426554532;0.00946869223095038;0.0243735487063721;0.0908263077761096;0.0425027396289043;0.0192064909705813;0.00866580723408124;0.0305008796789936
"JERC_003-M-1-7-20140805";0.72280164229653;0.0113433674816245;0.0138740466957688;0.0263639581726708;0.00951625558452286;0.0242700543162507;0.0907524441572835;0.0426722965874432;0.019233540125778;0.00860988662302131;0.0305625079591066
"JERC_003-M-3-26-20140805";0.722846167590831;0.0109479534524645;0.0131542073923121;0.0258019263633997;0.0100622294868764;0.0232056900006498;0.0900585258372156;0.0454501955512428;0.0192372117555752;0.0079133817455662;0.0313225108238666
"JERC_003-M-33-0-20140805";0.722422674791056;0.011665146379439;0.0144768230165263;0.026841138302147;0.00907936702612692;0.0251851873006968;0.0914127373846812;0.040655373601477;0.019140154624085;0.00916389980298067;0.0299574977707844
"JERC_005-M-24-40-20140805";0.722784768131296;0.0112430640716592;0.0137371052380759;0.0262538348360489;0.00961874777684317;0.0240551678250083;0.0906831189673685;0.0432965599153046;0.0192089376539128;0.00844488945829242;0.0306738061261902
"JERC_005-M-33-2-20140805";0.722559684735514;0.011549944734059;0.0143549863684736;0.026713146561673;0.00918037219424797;0.0250057226736199;0.0911791286970031;0.041190667898076;0.0191790163719057;0.00904596852753699;0.0300413612378907
"JERC_005-M-4-9-20140805";0.722702906099248;0.0113193210873035;0.0139065325649737;0.0263848700971204;0.00950374973814725;0.02430437128951;0.0908302320726281;0.0427419248435766;0.0191810709194126;0.00858250222052935;0.0305425190675502
"JERC_006-M-15-33-20140710";0.722671648546951;0.0113419472904483;0.0139630052661871;0.0264093483282626;0.00946557826839238;0.0243929326229155;0.0908781765380705;0.0425960403071072;0.0191801851848915;0.0086286158871554;0.0304725217596186
"JERC_006-M-2-0-20140805";0.722793030311076;0.0111026363269139;0.0134455643797413;0.0260386104426437;0.00982453849304269;0.0236497673025669;0.0904133074095163;0.0443430741869576;0.0192090544345093;0.00816576058200524;0.0310146561310274
"JERC_006-M-21-39-20140710";0.722681449509006;0.0113727134018518;0.0139405319205527;0.0264262950190809;0.00946965259792258;0.024397654661998;0.090864456773731;0.0424934780453815;0.0191827238110382;0.0086525151080689;0.0305185291513687
"JERC_006-M-2-33-20140710";0.722654397270387;0.0113492384832422;0.0139618080792953;0.0264292439240902;0.00947577430564358;0.0244019568426534;0.0908520150864233;0.0425891328187036;0.0191758613663522;0.00863092988162476;0.0304796419415847
"JERC_006-M-39-30-20140805";0.722692514035801;0.0114383099355487;0.0140594173453968;0.0265188881441112;0.00937161221846724;0.0245841934331902;0.0909562552478347;0.0420281919015449;0.0191795015731263;0.0087643733694091;0.0304067427955699
"JERC_006-M-8-11-20140805";0.722692808209765;0.0113637873399849;0.014006267340964;0.0264499005369589;0.00944650595088848;0.0244337934557187;0.0908086786394319;0.0424927182013027;0.0192092362547041;0.00869437118500956;0.0304019328852722
"JERC_008-M-23-30-20140805";0.721575494997161;0.0121999098244722;0.0155134537186802;0.0276006910479504;0.00841900768309361;0.0267287499366369;0.0922658305367283;0.0374224016686198;0.019055530612163;0.0102114378248218;0.0290074921496726
"JERC_008-M-33-4-20140805";0.722603243756602;0.0114962393542266;0.0141084579052361;0.0265626718460997;0.00932340693086022;0.024687484346401;0.091108800507196;0.0417502738088424;0.0191700536067382;0.00884632510807319;0.0303430428297246
"JERC_047-M-3-32-20140805";0.722532794386389;0.0117173115903064;0.0142145135404066;0.0264205153517962;0.0092877998747279;0.0245781200226427;0.0913319591176645;0.0417326074487932;0.0192934880328949;0.00898093095613811;0.0299099596782403
"JERC_047-M-36-16-20140805";0.72233139396373;0.0118294204859081;0.0143428218989291;0.0266156998917038;0.00915272854928899;0.0248540511944901;0.0915909265030894;0.0411289842923634;0.0192059084317591;0.00910592746162247;0.0298421373271152
"JERC_047-M-6-12-20140805";0.722519958935549;0.0117895472801849;0.014394304449749;0.0266106579652103;0.00915405579562613;0.0248908196045719;0.0914070908938209;0.0410674840374141;0.0192039421158709;0.00912318691857795;0.0298389520034244
"JERC_048-M-19-30-20140805";0.72241531206814;0.0117489153385397;0.0143253240040764;0.0266044244210343;0.0091859892534812;0.024848513035898;0.0914203420321237;0.0412493768524864;0.0192194702259939;0.0090695787589564;0.0299127540092695
"JERC_048-M-27-8-20140805";0.72251778514686;0.0116621432208013;0.0142004410635374;0.0264771454310035;0.00928349897931132;0.0246120667641568;0.0913259809857347;0.0417618979537057;0.019228574078635;0.008942916946939;0.0299875494293153
"JERC_048-M-31-3-20140805";0.722432523720034;0.0117703852782839;0.0142513112346229;0.0265359401474059;0.00923353272719043;0.0247356558344987;0.0914257666253923;0.0414695580052468;0.0192583827645602;0.00904769408007295;0.0298392495826919
"JERC_049-M-18-17-20140805";0.722395213398448;0.0116570775807536;0.0140772362711444;0.026308305616988;0.00939928778623502;0.024380341147629;0.0912107151970234;0.0423861298380054;0.0192756172640221;0.00886107075621812;0.0300490051435333
"JERC_049-M-2-27-20140805";0.722685377439027;0.0109576161843683;0.0128598700459587;0.0253878673347827;0.0103532547769323;0.0225808784617231;0.0898511038731836;0.0468631946501836;0.0193801045470129;0.00771338771818378;0.0313673449686444
"ORNL_001-O-17-34-20140715";0.719339513541867;0.0172850081231029;0.0110766891107089;0.0234972329166842;0.0105152431367857;0.0202365730458098;0.0954708412700314;0.0424865028198714;0.0215059635691011;0.00900912472222672;0.0295773077438103
"ORNL_002-O-5-26-20140714";0.714878343085469;0.0231152612663964;0.0112994735117762;0.0211251081005543;0.0104787609981162;0.0181646399915295;0.099400157483329;0.0435225278423223;0.0231091204368217;0.0105117099799722;0.0243948973037133
"ORNL_003-O-9-11-20140714";0.719598912016508;0.0152864285249684;0.00997331843027606;0.0229928588234192;0.0117238451995432;0.0189385286000463;0.0931414880790113;0.0474460251646833;0.0212819157320172;0.00748921224875364;0.0321274671807729
"ORNL_021-O-15-33-20140714";0.709473470895134;0.0288615622803254;0.0134763543211149;0.0217719157326608;0.00861419470797055;0.0201824436146817;0.103297981531971;0.0356230265813017;0.0233253894136582;0.0144435188695611;0.0209301420516206
"ORNL_027-O-2-33-20140715";0.702491544143196;0.0340549020542917;0.011914321325633;0.0185722097001049;0.0104332374003766;0.0160838627577898;0.104299371924064;0.0447084106330996;0.0250870262355925;0.013382123482677;0.0189729903431744
"ORNL_029-O-9-2-20140714";0.712117039568221;0.0236474985495781;0.0150058753479675;0.0252956603663351;0.00752597513700596;0.0249328246264076;0.101129060374376;0.0299679809659596;0.0216173255128662;0.0150899588561748;0.0236708006951077
"ORNL_031-O-11-3-20140714";0.697264276634681;0.039774284871785;0.0149328636753519;0.020330810649409;0.00776037435965502;0.0195838141324202;0.107723723859762;0.0324575525633187;0.024590170828874;0.0188586414741055;0.0167234869506373
"ORNL_037-O-4-23-20140715";0.720431994341822;0.014757265824855;0.0104926345258596;0.0240875049423685;0.0110923493600093;0.0203401447019282;0.0929126972212781;0.0443589591313663;0.0209236440456087;0.00786781339366813;0.0327349925112363
"ORNL_043-O-2-27-20140715";0.719144707232845;0.0149109529713263;0.00950178529072703;0.0224246165145131;0.0123525053253961;0.0180630103711208;0.092394677355374;0.0502309625755774;0.0214338133950263;0.00701215453010009;0.0325308144379939
"OSBS_001-M-17-34-20140701";0.718392949146952;0.00962683317799206;0.0103375987356563;0.0237720585324832;0.0130790798297936;0.0193532826683604;0.0845241308855473;0.0601388082206053;0.0213974177257979;0.00604860048658484;0.0333292405902269
"OSBS_001-M-17-34-20140818";0.718993188319996;0.00980825955448014;0.0106973150032926;0.0241014140034073;0.0126694374928707;0.0198673062014519;0.0849715271261973;0.0582870990288697;0.02139402050535;0.00633984002341451;0.0328705927406694
"OSBS_001-M-26-3-20140701";0.719498480512597;0.009984246096489;0.0109422151104938;0.024367659293327;0.0123582087368845;0.0203031175514783;0.0853646529740871;0.0566658872866027;0.0213659700749333;0.00656678276485122;0.032582779598256
"OSBS_001-M-26-3-20140818";0.718960085010859;0.0098197519835934;0.01068362446978;0.0241068870179307;0.0126757783034771;0.0198793605644443;0.0849787658014429;0.0582683867027602;0.0213915750857774;0.00631967446027573;0.0329161105996594
"OSBS_001-M-29-2-20140701";0.719054760400877;0.00982863150586503;0.0106579948537488;0.0241079601357456;0.0126820958270827;0.0198792248977354;0.0850022738111867;0.0581283918062626;0.021392602652084;0.00633503176789495;0.0329310323415172
"OSBS_001-M-29-2-20140818";0.719553036755686;0.0100126585744008;0.0110049635913133;0.024428415686504;0.0122895519688624;0.0204070485572643;0.0855056851070183;0.0563273392659638;0.021354889219021;0.00662532001366072;0.0324910912603053
"OSBS_002-M-12-7-20140701";0.720860465342848;0.0117098193968105;0.0139394475775707;0.0270020378348811;0.00959169344301841;0.0250662208058938;0.0888642182882964;0.0429879570958981;0.0211369749088264;0.00950957869410197;0.029331586611855
"OSBS_002-M-12-7-20140818";0.721090455449045;0.0113356034746148;0.0133422658882275;0.0265685785877408;0.0100267408453539;0.0241559189183057;0.0881996751731456;0.045250342472848;0.0211739819120662;0.00886198629438529;0.0299944509842675
"OSBS_002-M-35-24-20140701";0.721017535536265;0.0114421686722407;0.0133524046642233;0.0265130681896693;0.0100298545029371;0.024134583422385;0.0883143134472573;0.045174765626697;0.0211934743976497;0.0089100909265242;0.0299177406141513
"OSBS_002-M-35-24-20140818";0.721148334218822;0.0112042198238075;0.0129916560711301;0.0262292240766881;0.0103242548631128;0.0236025481982816;0.0878731983033237;0.0465616624443137;0.0212457949413304;0.00854228573435916;0.0302768213248306
"OSBS_002-M-5-26-20140701";0.721008146361444;0.0114352009125682;0.0133514266611115;0.0264939612379158;0.0100393917502553;0.0241144914141741;0.0883446354234469;0.0452074174843633;0.0212002365849005;0.0088980241041225;0.0299070680656977
"OSBS_003-M-17-9-20140701";0.719549705911448;0.0130286884362091;0.0118372044242562;0.0232056313207255;0.0114271172402764;0.0198833887798642;0.0894533407896095;0.053519734074876;0.0224582057392603;0.00816482433596567;0.0274721589475087
"OSBS_003-M-17-9-20140818";0.71973317632467;0.0132528715133186;0.0121063207322785;0.023452092297019;0.0111538531775326;0.020347756671703;0.0898499869578182;0.0519659729899962;0.0224074774121076;0.00848178524352857;0.0272487066800274
"OSBS_003-M-29-37-20140701";0.719876507353003;0.0132576547078001;0.012209360507964;0.0235415617749444;0.0110689472812584;0.0204417627579505;0.0898378736038529;0.0516217973426927;0.022474407721972;0.0085691257993022;0.0271010011492599
"OSBS_003-M-29-37-20140818";0.71975231086834;0.013248679120122;0.0121546868919712;0.0234650214785783;0.0111337699353547;0.0203559316123114;0.089827183990326;0.0519039306360227;0.0224532363978609;0.00851448959916573;0.0271907594699467
"OSBS_003-M-9-11-20140701";0.719748503167912;0.0132371086117956;0.0121376508823777;0.0234355245148808;0.011151868282971;0.0203091505026349;0.0897672854782025;0.052081791711798;0.022482911110752;0.00850582202365004;0.0271423837130253
"OSBS_003-M-9-11-20140818";0.720026896727307;0.013619781868728;0.0126200571938934;0.0238836754358713;0.0106503897566035;0.0210951542872452;0.0904406345040285;0.0494859761164064;0.0224079091687747;0.00904798199964889;0.0267215429414928
"OSBS_022-M-15-33-20140701";0.716712185910848;0.00960388671548408;0.0100043153590448;0.023279813467996;0.0136709763794804;0.0187048100466811;0.0841238990101819;0.0629631816903006;0.0214947150860828;0.0058468775089994;0.0335953388249005
"OSBS_022-M-21-39-20140701";0.716433957578777;0.00944273502219353;0.00967819624787002;0.0229939504106985;0.0139635698285104;0.0181748491407931;0.0837680810321596;0.0645895004598848;0.0215236419536865;0.00554674883286205;0.0338847694925643
"OSBS_022-M-2-33-20140701";0.716724129696255;0.00967221158147058;0.00999090821781536;0.0233160246566451;0.0136277397537932;0.0187155240355633;0.0840659576928385;0.0629950146527933;0.0214982183763766;0.00580192333071852;0.0335923480057307
"SCBI_002-M-1-6-20140715";0.700592666690427;0.03974739461373;0.0136098126034162;0.0195115060666784;0.00851967517741904;0.0183792604173574;0.104663401291286;0.0320703153803721;0.0260218581846807;0.0191532834979262;0.017730826076707
"SCBI_002-M-26-3-20140618";0.699951276661678;0.0401117988166786;0.0138383453041797;0.0196267494336401;0.00836748566094537;0.0186254195332414;0.104770427820438;0.0314715167257402;0.0260249993720642;0.019655639338674;0.0175563413327199
"SCBI_002-M-7-5-20140715";0.701572010830167;0.0391163555676717;0.01327185654658;0.0193289832880642;0.00878602838096159;0.0179555585366607;0.104387224965033;0.033185166359826;0.0260753160694308;0.0183648575615855;0.0179566418940193
"SCBI_002-M-9-17-20140715";0.699777560441243;0.0402146780490925;0.0138850332742135;0.0196650695896906;0.00831822109979187;0.0186970069919473;0.104906736579602;0.0313239544902429;0.0259657262814444;0.019717291348583;0.0175287218541493
"SCBI_003-M-11-0-20140715";0.716093143682775;0.0247769733195584;0.0125362248294966;0.022500072684298;0.0091715139596829;0.0207411893715367;0.0984614154764553;0.0334689514370023;0.0237277654370206;0.014086358801579;0.0244363910005949
"SCBI_003-M-13-6-20140618";0.715100264675909;0.0253915566354392;0.013019295769599;0.0227990684001923;0.00879651925350124;0.0214223849715408;0.0989032018815006;0.0319508000216659;0.0237203771829805;0.01496520860092;0.0239313226067511
"SCBI_003-M-27-36-20140715";0.715514865112156;0.0251515358490376;0.012802319059573;0.0226537547766214;0.00896653385028119;0.0211015033692827;0.098733803217951;0.0326219945810472;0.0237146010161208;0.0145309566888928;0.024208132479036
"SCBI_003-M-30-5-20140715";0.71827843209689;0.022791625645522;0.0110070519163509;0.0213305515304301;0.0106215650092311;0.0185462753758785;0.0967070590635314;0.0391513793059721;0.0239802513745035;0.0115448947785852;0.0260409139031048
"SCBI_003-M-35-24-20140618";0.713290294466509;0.0264026956525046;0.013783964565694;0.0233084017499958;0.00822649409405443;0.0224827323165932;0.0996293108051415;0.0297333251872339;0.0235376592493465;0.0163379603345217;0.0232671615784057
"SCBI_003-M-5-26-20140618";0.711060843454084;0.0273529439365211;0.0146367218064268;0.0238809515137597;0.00766233114973776;0.0236711522196261;0.100361849774077;0.0275945991210385;0.0233429722555867;0.0178679573556617;0.0225676774134796
"SCBI_006-M-15-7-20140827";0.702054288343402;0.0388235745341291;0.0130096806193297;0.019099247691457;0.00900946166746993;0.0176053029115248;0.104165553997371;0.0341376598555351;0.0261845472688918;0.017848016224737;0.0180626668861524
"SCBI_006-M-1-7-20140715";0.698991058410928;0.0408415216039769;0.0140539736107889;0.0196850796290923;0.00820686946328287;0.018833713601005;0.105079657786043;0.030843125862488;0.025965852357724;0.0201573659069653;0.0173417817677051
"SCBI_006-M-17-9-20140618";0.699158296358633;0.0407000202297767;0.0139941859652058;0.0196352661443429;0.00826748727778024;0.0187381482443471;0.104960479680539;0.0310733520181202;0.0260538083906105;0.0200613133218329;0.0173576423688118
"SCBI_006-M-27-2-20140715";0.699124123863361;0.040757187232766;0.0139959996506446;0.0196641463464158;0.00824512111776154;0.0187670549889829;0.105128988359684;0.030911231053142;0.0259631688663807;0.0200515623748664;0.0173914161459954
"SCBI_006-M-29-37-20140618";0.701087792376707;0.0395188711882985;0.0133676223681937;0.0193202302148278;0.00872311954973427;0.0180361311062306;0.104453668955218;0.0328751819072185;0.0261271803191147;0.0186544573481889;0.0178357446662688
"SCBI_006-M-3-26-20140715";0.701574838847902;0.039166692637722;0.0131576972016947;0.0191933614990607;0.00888540821044578;0.0177850901220334;0.104364182213064;0.0335334402738667;0.0261885381131234;0.0181932467851862;0.0179575040959011
"SCBI_006-M-33-11-20140826";0.701604465598398;0.0391870949943641;0.0131111716046446;0.019173034535561;0.00888970433731617;0.0177581066014216;0.104348678665829;0.0335614196947631;0.026177075834891;0.0181724064482634;0.0180168416845487
"SCBI_006-M-4-7-20140826";0.701839695248907;0.0389851638870126;0.013027613628826;0.0191480732590859;0.00896666042422318;0.017644370252577;0.104329656722307;0.0338703322182315;0.0261827370269171;0.0179378127568653;0.0180678845750477
"SCBI_006-M-9-11-20140618";0.701584222090111;0.0391489940754003;0.0131771983178927;0.0191924418465921;0.00886174421544773;0.0178181851053817;0.104330608812444;0.0335085400485529;0.0261942510932033;0.0182466040700004;0.0179372103249736
"SCBI_012-M-0-30-20140825";0.701373002718073;0.0393594898521846;0.0132304556920072;0.0192467176533317;0.00880676878236111;0.0178971966833533;0.104427690790911;0.0332417841230094;0.0261448874753974;0.0183748806188626;0.0178971256105089
"SCBI_012-M-15-33-20140618";0.698212328093795;0.0413131151019887;0.0142890260404203;0.0198128229882908;0.00803491990030295;0.0191240849963109;0.105243324409359;0.0301232258147592;0.0259300026492915;0.0207076145901087;0.0172095354153733
"SCBI_012-M-16-7-20140825";0.70042135938919;0.0399741021729819;0.0135484223947281;0.0194463252788825;0.00855578772756361;0.0182825844944636;0.104756582916015;0.0321908152411304;0.0260738987690461;0.0190625160566253;0.0176876055593741
"SCBI_012-M-21-38-20140715";0.702898318927015;0.0381666705547179;0.0126464189680283;0.0189094832039427;0.00929888745871424;0.0171953100136015;0.103823269791598;0.0352512954323863;0.026323256702122;0.0171592225717163;0.0183278663761586
"SCBI_012-M-21-39-20140618";0.699210341868511;0.0406883499063066;0.0139779679832892;0.0196490333374237;0.00826096114665326;0.0187373807031911;0.105048090191729;0.0310532648569125;0.0260100684213227;0.0199982516532301;0.0173662899314305
"SCBI_012-M-23-28-20140825";0.700167809425523;0.0401188751759128;0.0136570188386293;0.0194857427535147;0.00849651526795762;0.0183597456593773;0.104809315380695;0.0319932811334571;0.0260417677321636;0.019237763805641;0.0176321648271293
"SCBI_012-M-2-33-20140618";0.699351958708531;0.0405823946475715;0.0139441239436536;0.0196393397718917;0.0082942908126017;0.0186919103596786;0.104926181241055;0.0312079097840901;0.0260397883508927;0.0199148588911433;0.0174072434888908
"SCBI_012-M-33-4-20140715";0.699468153395332;0.040513029627554;0.0139150928694605;0.0196152257121488;0.0083156077767359;0.0186560872521778;0.104918796222388;0.0312587240339496;0.0260402213435294;0.0198903938038684;0.0174086679628562
"SCBI_033-M-36-16-20140826";0.700625463960241;0.0398266988921061;0.0134935910371879;0.0193996846102388;0.00861732067611194;0.0181822273867176;0.104607897544869;0.0324315790128209;0.0261249027516263;0.0189679606206633;0.0177226735074169
"SCBI_033-M-4-38-20140826";0.702640566470795;0.0384050225135877;0.0127373226792287;0.0189423594462701;0.0092384851007269;0.0173011002059211;0.103868996717881;0.0349350387071794;0.0263154559309557;0.0173676888104178;0.0182479634170367
"SCBI_033-M-6-12-20140826";0.702589551428295;0.0384177646742074;0.0127807046287115;0.0189845761676675;0.00918662184201707;0.0173492953975066;0.103899694915949;0.0348362648062755;0.0262889887111446;0.0174476907747936;0.0182188466534317
"SCBI_045-M-23-30-20140825";0.702664285131367;0.0384135387557334;0.0125469302467449;0.0187700655579554;0.00938900958029262;0.0169945221424349;0.103881191242737;0.0357022776008343;0.0263718522135278;0.01697794700696;0.0182883805214118
"SCBI_045-M-30-38-20140825";0.702539000692745;0.0385930702527582;0.0125942927874676;0.0188145960988365;0.00931510864689861;0.0170785425603459;0.103983577148745;0.0353725966565384;0.0263487384749436;0.0171104432402499;0.0182500334404712
"STER_005-M-0-30-20140820";0.693702007345598;0.0445405580997737;0.0179875057175168;0.0171119502646922;0.00732336684706637;0.0187247066103673;0.0958917009611267;0.0212348944656698;0.0296174787859038;0.0401659523197882;0.0136998785824969
"STER_005-M-16-7-20140820";0.690127876271097;0.0456326437248798;0.018768635623422;0.0173404019557481;0.00692876780283109;0.0193852248596069;0.0960559605424773;0.0200420559915727;0.0294419888466661;0.0429489473010371;0.0133274970806621
"STER_005-M-23-38-20140820";0.692402700902257;0.0449913410329721;0.0182454342409642;0.0171886751359743;0.007172430425952;0.0189662954203937;0.0959464839687588;0.0207563723549313;0.0295443565244596;0.0412118183116518;0.0135740916816856
"STER_006-M-1-6-20140722";0.704857513604977;0.0403091582048982;0.0153406547338203;0.0161473531835345;0.00900013977309245;0.016345286874356;0.0947090620222617;0.0264782979046297;0.030435729783768;0.0313230476988794;0.0150537562157827
"STER_006-M-22-32-20140820";0.703805235068184;0.0407241107241091;0.0156338646642499;0.0162493198999594;0.00881257348904214;0.0165726023400223;0.0948584549000476;0.0258525425983051;0.0303734800285463;0.0322218786211781;0.0148959376663564
"STER_006-M-30-37-20140820";0.704954441022906;0.040278899695174;0.0153296565265802;0.0161574872418468;0.00901868545968109;0.0163216006990986;0.0947433721648259;0.0265086826327626;0.0304338245644211;0.0311943722809673;0.015058977711736
"STER_006-M-7-0-20140820";0.702884844982395;0.0412105509310041;0.0158356804759795;0.0163574012738271;0.00862671391549478;0.0168069893449447;0.0950444384020066;0.0252937544099593;0.0302572192746228;0.0328820182335193;0.0148003887562469
"STER_006-M-7-5-20140722";0.704056041861764;0.040669642217709;0.0155500640181473;0.0162384798423585;0.00883265007004376;0.0165431249249731;0.0948822997720172;0.0259884069887919;0.030347623711245;0.031934872136578;0.0149567944563724
"STER_018-M-15-7-20140820";0.699223667814288;0.0425789171818021;0.0167665642479104;0.0166730056225856;0.00803988448068662;0.0176259565021123;0.0953742951381092;0.0234803881122566;0.0300294446469014;0.035911067974622;0.0142968082787259
"STER_018-M-4-7-20140820";0.703922613812292;0.040731537017174;0.0156143586021473;0.0162346925900465;0.00881404699566397;0.0165606604818139;0.0948500965298524;0.0259159133061887;0.0303566926560604;0.0320817324841203;0.0149176555246405
"STER_026-M-10-34-20140820";0.701427173777649;0.0416930343020151;0.0162202767213664;0.0164913143440593;0.00838234554516015;0.0171375959870094;0.095142480076916;0.0245245411790389;0.0302301540949244;0.0341892124211183;0.0145618715507436
"STER_026-M-11-0-20140722";0.703649930162708;0.0408165894181321;0.0156872164678632;0.0162762223375334;0.00873583953017471;0.0166594725758395;0.0949190655689765;0.0257027742156653;0.030330685341692;0.0323753598828331;0.0148468444985819
"STER_026-M-25-6-20140820";0.703934787682319;0.0407549627649849;0.0155722645211454;0.0162419620899223;0.00880890877537239;0.0165650166456341;0.0948404109453036;0.0259184554190156;0.030358590216359;0.03207925392451;0.0149253870154339
"STER_026-M-27-36-20140722";0.703294411365242;0.0410008395260752;0.0157164602587121;0.0162820096225891;0.00872311932145727;0.0166929647900213;0.0948392701395742;0.0255364896915867;0.0303890553997353;0.0327107159956395;0.0148146638893671
"STER_026-M-30-5-20140723";0.70320137409984;0.0410427362624056;0.0157614185300794;0.0163156209422909;0.00870476006326246;0.0167233461730459;0.0949121166962323;0.0255007304135964;0.0303136925743992;0.0327071177010636;0.0148170865437843
"STER_026-M-9-4-20140820";0.704902412392495;0.0402859567522387;0.0153338662390296;0.0161503997059794;0.00900388342185209;0.0163409900850335;0.0946737247179668;0.0264664405250298;0.0304638365670114;0.0313347002289479;0.0150437893644163
"STER_027-M-33-0-20140723";0.697408886914854;0.0432383618309262;0.0171612346368126;0.0168126344619964;0.00780460246189958;0.0179671541399412;0.0955013755162294;0.0227145241101978;0.0299389786784321;0.0373490698011404;0.0141031774475702
"STER_028-M-20-40-20140722";0.689823030461541;0.0457874131914654;0.0188012123582505;0.0173632501542408;0.00690078476058308;0.0194296525955457;0.0960508954186946;0.0199098638393439;0.0294255752291476;0.0431926414228323;0.0133156805683548
"STER_028-M-21-38-20140722";0.69190622732513;0.0451012634260631;0.0184055077838839;0.0172359567734165;0.0071146692100908;0.0190646213880458;0.0960105466829433;0.0205956398151987;0.0294984645662092;0.0415567420042898;0.0135103610247287
"STER_028-M-33-4-20140722";0.69657803327472;0.0435388764093183;0.0173361263717027;0.0168886953410135;0.00767832130091258;0.0181364491720346;0.0956339944759331;0.0223491227256774;0.0298677639111438;0.0379824195706103;0.0140101974469332
"STER_033-M-23-30-20140723";0.697085697899866;0.0433391755897328;0.017232739625503;0.0168494680475345;0.0077520729173916;0.0180469513605855;0.0956174656927932;0.0225598461387532;0.0298637807301081;0.0376025635310006;0.0140502384667316
"STER_033-M-30-38-20140723";0.694171228550033;0.0443783953877524;0.0178768935351929;0.0170675442760627;0.00737460684587393;0.0186125748633218;0.095847199517846;0.0213946595180568;0.0296879427598139;0.0398333184749413;0.013755636271105
"STER_033-M-33-4-20140723";0.68689806359518;0.0465746609045161;0.0194506004692265;0.0175466887846;0.00660887343700398;0.0199728642398176;0.0962041225656754;0.0190434068633045;0.0292312593036205;0.0454487279038134;0.0130207319332421
"STER_034-M-19-30-20140723";0.681983358539339;0.0480738630083421;0.0204014643963721;0.0178575495625853;0.00617862554971233;0.0208023868572326;0.0963964265663887;0.0176883451899122;0.0289403942683672;0.0490486225732445;0.0126289634885045
"STER_035-M-33-17-20140723";0.682356686662989;0.0478953962278753;0.0203644232931951;0.0178048845856991;0.00620807951726633;0.0207566035295198;0.0963021376373081;0.0177885293557071;0.028957283529795;0.0489280727799282;0.0126379028807169
"TALL_001-M-2-23-20140903";0.715361491631885;0.0194380041823705;0.0118761417614856;0.0209846041083787;0.0104712471248651;0.0177989359557934;0.10060193581498;0.0502315735012007;0.0205212962454735;0.0084900709836986;0.0242246986898693
"TALL_001-M-28-23-20140903";0.715186082773557;0.018835438538562;0.0114328741534275;0.0206011281912162;0.0109612896045025;0.0171692804732747;0.0997176409641534;0.0529317939430412;0.0206057352842248;0.007994215725047;0.0245645203489936
"TALL_001-O-2-23-20140903";0.715021747191048;0.0188291163917166;0.0113234720687172;0.0205607110781911;0.0110221964754841;0.0170733484891985;0.099837805389589;0.0531685052174382;0.0205623351800068;0.00788287925501467;0.0247178832635956
"TALL_001-O-27-7-20140903";0.711124594330505;0.016333898179678;0.00910442456959028;0.0187244606295587;0.0137543513087319;0.0141417945664566;0.0960314677434873;0.0673798796467157;0.0206736773951538;0.00569641558971638;0.0270350360404066
"TALL_001-O-28-23-20140903";0.71531223918626;0.0191242693181279;0.0116263643149754;0.0207782373376662;0.0107231256261606;0.0174551682151502;0.100155808311046;0.0515936727982232;0.0205666403045421;0.00822484731186528;0.0244396272759832
"TALL_002-M-36-24-20140903";0.718681789641231;0.0156441163124085;0.0121255453535083;0.0230802916591953;0.0101837516128988;0.0199317734117098;0.097596788632386;0.0477120962206835;0.0194201452347755;0.00791799530247126;0.0277057066187324
"TALL_002-M-8-40-20140903";0.718640684234329;0.01614810164384;0.0127005465386991;0.0235508899613542;0.00967775634406839;0.020748746119164;0.0983516688579449;0.0451845876030966;0.0193363264171997;0.00847969418697675;0.0271809980933275
"TALL_002-M-8-8-20140903";0.718578560189019;0.0163753879482659;0.0129812757787112;0.0237687584459463;0.00946134098071542;0.0211539386307329;0.0986455241443873;0.0440313286643483;0.0193322068262092;0.00877631748492481;0.0268953609067395
"TALL_002-O-36-24-20140903";0.718500203335025;0.0164591986478351;0.0130444405288739;0.0238389689323355;0.00939356074790251;0.0212685490941839;0.0988349265105646;0.0436585447057974;0.0193042389281805;0.00884804598674471;0.0268493225825566
"TALL_004-M-16-36-20140903";0.720063631737602;0.0115506944802926;0.0120845309233727;0.0259965054085178;0.0101045322516357;0.0226685405247943;0.0933233928335203;0.0455551624505702;0.0179602805425546;0.00684434473132015;0.0338483841158197
"TALL_004-M-34-40-20140903";0.719256243780245;0.0106567462716325;0.0108167310619071;0.0248400751844577;0.0113670674550826;0.0205863366570142;0.0913099877201449;0.0518512580825123;0.0180651293138958;0.00576759450517995;0.035482829967928
"TALL_004-M-38-6-20140903";0.720153868901944;0.0115666305769077;0.0121366666913255;0.0260251670539324;0.0101044496534488;0.0227088647059995;0.0931999251346884;0.0455092089436557;0.0179648270380463;0.00687948822274359;0.0337509030773081
"TALL_006-M-14-30-20140903";0.718035226145478;0.0171724866405967;0.0135245383914039;0.0239372838717551;0.00906344211185042;0.0216852969885786;0.0995681693958461;0.0421795993645548;0.0194229335142105;0.00944160581046563;0.0259694177652605
"TALL_006-M-14-6-20140903";0.718413445384505;0.0164331651208302;0.0125689057992782;0.0232824912350466;0.00977825220519848;0.0204011221336109;0.0986085225069112;0.0457161446475705;0.0194395012271258;0.00844671153510215;0.0269117382048211
"TALL_006-M-26-35-20140903";0.718011050831418;0.0172039065861854;0.0134150436162558;0.0239156414940262;0.0090977600309813;0.021601225358452;0.0996821326923927;0.0422566484535252;0.0193538093895429;0.0093384071135167;0.026124374433704
"UNDE_001-M-22-32-20140708";0.720758600314959;0.0240703168496166;0.00957819235343611;0.0209900562665892;0.0110749766929334;0.0177341899260334;0.0977126507669084;0.0329928663021627;0.0221529912904616;0.0108681165251101;0.03206704271179
"UNDE_001-M-7-0-20140708";0.720648217819243;0.0242397705748048;0.00960324635315686;0.0209275856678582;0.0110383237632171;0.0177209104598465;0.0978559322141534;0.0329806850419389;0.0222258479441014;0.010875803176787;0.0318836769848932
"UNDE_001-O-30-37-20140708";0.720610113915271;0.0241385198745458;0.00956943563303681;0.0209781580873098;0.0110553490018059;0.0177273758367349;0.0979443170351784;0.0329895633688076;0.0221789624685001;0.0108490321534941;0.0319591726253151
"UNDE_006-M-10-34-20140707";0.718746677361527;0.0260132570557676;0.010750602453731;0.0219147322140233;0.00973011740014579;0.0196049584050342;0.0993968885507515;0.0286741467962821;0.0219907502592878;0.0129337677589369;0.0302441017445124
"UNDE_006-M-25-6-20140707";0.718708068409356;0.0260319754504408;0.0107494206574435;0.0219792150715927;0.00968872361345839;0.0196312053786421;0.0993927314882135;0.0286266122036474;0.0219755489236624;0.0129565603380486;0.0302599384654948
"UNDE_006-M-9-4-20140707";0.718600944807416;0.0260522809353376;0.0107904501813382;0.0219330624267188;0.00968462377352834;0.0196101762536272;0.0994950581101058;0.0286666635262015;0.0219898480764904;0.0130049636473781;0.0301719282618583
"UNDE_007-M-33-2-20140710";0.719399929196716;0.0252776086771;0.0102204853098617;0.0214550903993241;0.0103394008504251;0.0187170123919232;0.0988813848670623;0.0306839512518644;0.0220822280459651;0.0119844401412352;0.0309584688685228
"UNDE_007-M-4-9-20140710";0.71969021779875;0.0250376403589683;0.0102636774202129;0.0215284582364619;0.0102930913669366;0.0187728381141997;0.0986673515529869;0.0306760366211481;0.0220325955997289;0.0119239129888198;0.0311141799417871
"UNDE_008-M-15-7-20140707";0.719869406034537;0.0247502289290482;0.0100630341470265;0.0213635043381862;0.0105099948877802;0.018533852186574;0.0985142841165291;0.031314989437463;0.0220377049487711;0.0116375257859771;0.0314054751881072
"UNDE_008-M-33-11-20140707";0.719877146366398;0.0249033719753868;0.0100489814491859;0.021338595847816;0.0105302964352875;0.0184614321734843;0.0984240227219092;0.0313780978446856;0.0221352152428755;0.011668926481023;0.0312339134619482
"UNDE_008-M-4-7-20140707";0.719844544224689;0.0249561920212535;0.0100195234037272;0.0212950257024341;0.0106073449824233;0.0183923465437747;0.098382240687399;0.0314086878733553;0.0221748810415466;0.0117109648125533;0.0312082487068436
"UNDE_013-M-2-0-20140708";0.719358632087998;0.0254072039530132;0.0101749398945406;0.021476544965892;0.0103904576674076;0.0186540568695147;0.098765086969927;0.0306576267665207;0.0221202659255044;0.0119822360502409;0.0310129488494408
"UNDE_013-M-39-30-20140708";0.719540163930685;0.0252175831887313;0.0102091436347746;0.0214407394737356;0.0103606246896513;0.018688012939735;0.098646219926102;0.0308252454035209;0.0220938189529455;0.0119546215881573;0.0310238262719613
"UNDE_013-M-8-11-20140708";0.719447261018559;0.0252961749840935;0.0102036223619492;0.0214533492090843;0.0103433740745331;0.0187218808502041;0.0986800043628847;0.030681294628139;0.0221181511167525;0.0120220704575741;0.0310328169362259
"UNDE_014-M-36-16-20140711";0.719291184284866;0.0254349068548343;0.0101860110079653;0.0214295110770282;0.0103397046161425;0.0187436402540634;0.0988084005883662;0.0306484987537202;0.0220283972494863;0.012002658785579;0.0310870865279485
"UNDE_014-M-6-12-20140711";0.719381607134259;0.0255185453474733;0.010221523288373;0.0214082083902414;0.0103085484656003;0.0186966526401216;0.098802563464537;0.0306630408014398;0.0221173978248136;0.0121007131075782;0.0307811995355628
"UNDE_017-M-0-30-20140707";0.719720579725328;0.0251274364753159;0.0101366026835005;0.021455073514464;0.0103653027182815;0.0186622541839732;0.0987717276250383;0.0307604324373337;0.0220089456413849;0.0118487613704899;0.0311428836248899
"UNDE_017-M-23-38-20140707";0.719801762972868;0.0250607592934746;0.0101758136079505;0.0214128085247304;0.0103573775257005;0.0186609400779708;0.0987423387650015;0.0307952720204899;0.0220469278405307;0.0118661594897421;0.0310798398815413
"UNDE_019-M-23-30-20140708";0.71970089208251;0.0250619386466815;0.0101965190424867;0.021459835961149;0.0103425644389833;0.0187500672228299;0.098541385161711;0.030721211771071;0.0221016666224643;0.0119771827269657;0.0311467363231475
"UNDE_019-M-30-38-20140708";0.719577203632401;0.0252519109847559;0.0102304600308323;0.0214023114969345;0.0103774956011767;0.0186558256295911;0.0986666889673518;0.0307957858852831;0.0221347760592666;0.0119597311297858;0.0309478105826216
"UNDE_019-M-33-4-20140708";0.719335270706011;0.0252664636137978;0.0102420051273966;0.0214997762064204;0.0103067306497124;0.0187723522272715;0.0988961067130306;0.0305309030586284;0.0220238787915831;0.0120143712032134;0.0311121417029351
"UNDE_027-M-19-30-20140708";0.719419514572875;0.0252401106876553;0.0101950718822096;0.02142686906285;0.0104008506444287;0.0186890268547681;0.0986636376310879;0.030780004428389;0.022125563600204;0.0119899203697632;0.0310694302657689
"UNDE_027-M-23-8-20140708";0.719594614174078;0.0251677367572362;0.0101782755682995;0.0214788670632248;0.0103519637194417;0.0187259368909361;0.0986218700435065;0.0307344397124828;0.0220351130640793;0.0119511036782991;0.031160079328416
"UNDE_027-M-31-3-20140708";0.719599469618874;0.0250933938530067;0.0102106019616422;0.0214840382494807;0.0103271507413652;0.0187632406456368;0.0985443340076474;0.0306926287522892;0.0221295786397144;0.0119620241725765;0.031193539357767
"UNDE_032-M-2-27-20140708";0.71959960492178;0.0250297880730336;0.0102238308514565;0.0215369321018489;0.0103118862043663;0.0187858546164314;0.0986962167572741;0.0306462564061701;0.0220259785108767;0.011905487537335;0.0312381640194273
"UNDE_034-M-28-34-20140715";0.719506075055522;0.0251714623185864;0.0101725801236864;0.0214485914001287;0.0104068407921386;0.0186593604099524;0.098591090592639;0.0309458969217552;0.022097563747545;0.0119134464147397;0.0310870922233061
"UNDE_034-M-35-0-20140715";0.719755496358672;0.0249300859273039;0.0102008133547513;0.0214818504154312;0.0103525599483298;0.018748800937302;0.0986650311489312;0.030759902072526;0.0220317221133836;0.0119348007969516;0.0311389369264178
"UNDE_034-M-37-20-20140715";0.719478104184847;0.0252367769131624;0.0102416004839358;0.0214654518894612;0.0103578561836453;0.0186536155205384;0.0987791005234377;0.0306998587148703;0.0221065248397076;0.0120161845738861;0.0309649261725077
"UNDE_035-M-1-23-20140715";0.719629242169553;0.0251411956712324;0.0101926288214046;0.0215282626587813;0.0103470207226789;0.0187507001999117;0.0986801654672983;0.0306925780137028;0.0220706137320662;0.0119242293033247;0.0310433632400457
"UNDE_035-M-13-1-20140715";0.719556423023642;0.0251353685158878;0.0102082428194615;0.0215024396581074;0.0103398839712543;0.0187594424088194;0.0986537602456437;0.0307089727369443;0.0220847748660236;0.0119552733309929;0.0310954184232232
"UNDE_035-M-6-13-20140715";0.719632769698358;0.0252201448053987;0.0101888612602963;0.0213953891061008;0.0103244503741446;0.018702424035317;0.0987094085898298;0.0308230186539915;0.0220956706115005;0.0119780955898059;0.0309297672752572
"UNDE_037-M-25-17-20140710";0.710362320014964;0.0360035880999293;0.0104233036237793;0.0186406342145805;0.0103784903021228;0.0161526648089407;0.103488080554731;0.0318611816817025;0.0241196331969078;0.0143191516645281;0.0242509518378137
"UNDE_037-O-28-36-20140710";0.710386285369274;0.0360048128254776;0.0103665825133334;0.018644973117206;0.0103995838874589;0.016118126225938;0.103573508510487;0.0318960017822557;0.0240286710568758;0.0141812562923801;0.0244001984193129
"UNDE_037-O-9-7-20140710";0.710395702713155;0.0360047559641552;0.0103517030644629;0.0186597750931833;0.0103998955379182;0.016080978271437;0.103590801047546;0.0319182661732381;0.0240236204907412;0.0141636497767326;0.0244108518674308
"UNDE_043-M-17-38-20140710";0.723246822408234;0.019316082548217;0.0101185341837506;0.0235842603972591;0.0103063170611988;0.0206950185082734;0.0951254030027152;0.02982617365297;0.0207373664703171;0.0105631772392235;0.0364808445278414
"UNDE_043-M-32-36-20140710";0.723165485263979;0.0193410319472137;0.0101282587460734;0.0235826769794142;0.0103104287452965;0.0207497831287612;0.0951135043161411;0.0298166288767239;0.0207382380063628;0.0105855781042166;0.0364683858858179
"UNDE_044-M-37-7-20140718";0.723775738330543;0.0176339816076732;0.0101408252996619;0.0244682050053666;0.0102279941458189;0.0215826717780214;0.0938237262908383;0.0292820993902251;0.0202654029014041;0.0101985952964773;0.0386007599539706
"UNDE_044-O-37-7-20140718";0.723840953537105;0.0175457382443594;0.0100638808687308;0.0243682489193807;0.0103223280935159;0.0214549670112491;0.0937500527096938;0.0295515945783181;0.0202821891474661;0.0100950259541599;0.0387250209360212
