"";"other";"acidobacteria";"actinobacteria";"bacteroidetes";"chloroflexi";"firmicutes";"gemmatimonadetes";"nitrospirae";"planctomycetes";"proteobacteria";"verrucomicrobia"
"BART_001-M-1-6-20140619";0.0638904060044809;0.24660572096596;0.119509811866733;0.0486959578470682;0.0305815660388906;0.0177997344150209;0.0195047581308641;0.00770330724134412;0.021120877145819;0.373344800795386;0.0512430595484328
"BART_001-M-7-5-20140619";0.0638018363438393;0.246175335352096;0.119298769866819;0.0488911173203617;0.0305560420845438;0.0178457242432716;0.0195778053906288;0.0077382442044861;0.0211555863687747;0.373718262625784;0.0512412761993945
"BART_001-O-1-6-20140619";0.0638613651964727;0.246715785177453;0.119327116047327;0.0487732151534282;0.0305242928399152;0.0178299934960777;0.0195619623059149;0.00770463265970317;0.0211421666869413;0.373328542764355;0.051230927672412
"BART_006-M-3-26-20140619";0.0646565439011455;0.240623333796873;0.129058238966027;0.0481556973410263;0.0319067712607098;0.0171539962657571;0.017691627706996;0.00738434337691224;0.0206991904535303;0.370915740273187;0.0517545166578359
"BART_006-M-33-3-20140619";0.0646172377507951;0.240122604567697;0.129154479192037;0.0483114530895846;0.0318735737256778;0.0171565490037248;0.0177336724831721;0.00739519755415612;0.0206763448126185;0.371144185099818;0.0518147027207185
"BART_006-O-33-3-20140619";0.0646693536248398;0.239684741086857;0.129372522873648;0.0483279482030079;0.0318839122923063;0.0171528494834739;0.0177262793704315;0.00743469768777497;0.0206561691027754;0.371255005682292;0.0518365205925933
"BART_028-M-33-4-20140619";0.0643235100981453;0.283991226991633;0.101838650295091;0.0442426211338441;0.0267780310737341;0.0172696433993299;0.0208016982121247;0.00712532088750325;0.0212854728870405;0.362433086161498;0.0499107388600561
"CPER_001-M-22-32-20140812";0.0470675128246279;0.0616430682259;0.286585898837839;0.0937876606694955;0.0550768336768629;0.0224993973123398;0.0185990972874642;0.0109079590946028;0.0203257530517133;0.340466596291487;0.0430402227276677
"CPER_001-M-30-37-20140812";0.054609561364232;0.08862989552179;0.281365323673248;0.0770496980582139;0.0505026054524199;0.0196716930982198;0.0166355875694412;0.00834008185645301;0.0209361900414476;0.336563376260178;0.0456959871043564
"CPER_001-M-7-0-20140812";0.0508199782538282;0.0741735771734343;0.284332461253756;0.0852336366219892;0.0528383531654823;0.0210802382828418;0.0176176401284322;0.00955592831944712;0.0206714268107185;0.339199001103094;0.0444777588869767
"CPER_002-M-10-34-20140812";0.0557099205289673;0.0932095200650478;0.280253880920406;0.0748896392722558;0.0497840594049985;0.0192822168034069;0.0163773508148878;0.00801951976115593;0.0210023433704169;0.335436824042854;0.0460347250156023
"CPER_002-M-25-6-20140812";0.0556644490480537;0.092841680329945;0.280625051014957;0.0750387777203552;0.04977658797345;0.0192787317513918;0.0163984498045954;0.00804411014733735;0.0209817500816251;0.335333963824715;0.0460164483035736
"CPER_002-M-9-4-20140812";0.0569331334482717;0.09851895959768;0.278865710494344;0.0724517349407463;0.0489823071601421;0.0188340414952611;0.0160558760906595;0.007689683323201;0.0210191005835043;0.334260873989526;0.0463885788766635
"CPER_003-M-15-7-20140812";0.0526944368241982;0.0809161818051174;0.283189431181314;0.0812139204015795;0.0516451424900083;0.0203345467850111;0.017147964332839;0.00895849987703024;0.0208006069178278;0.337998087912605;0.04510118147247
"CPER_003-M-33-11-20140812";0.0551174423504202;0.0907618359488691;0.280801785908882;0.0760604179666457;0.0501498218581854;0.0194665087028858;0.0165064857240785;0.0081964761296396;0.02097121313182;0.33611007883737;0.0458579334412039
"CPER_004-M-0-30-20140812";0.0494501329518289;0.0693883330280043;0.285315661790254;0.0883033299898011;0.0536781758673603;0.0216067367679998;0.0179712271987727;0.0100265545246529;0.0205777748944319;0.339731289426881;0.0439507835600128
"CPER_004-M-16-7-20140812";0.051275593009098;0.07565808241291;0.28399220726357;0.0843212650881893;0.0525452997711507;0.0208907305100532;0.0175073606712356;0.00943419634019758;0.0206671799806581;0.339073952551635;0.0446341324013027
"CPER_004-M-23-38-20140812";0.0526117014366628;0.0808102203577453;0.283335661960967;0.0812088717660568;0.0517191625651772;0.0203868292345185;0.017172179900877;0.00893970805442843;0.0208348948688408;0.337918919292078;0.0450618505626474
"DSNY_001-M-1-6-20140813";0.0502068419526695;0.332845518835639;0.107575931228498;0.0320679076833861;0.030531014713541;0.0168193571194259;0.0202143785638041;0.00422367288054973;0.0353809176592238;0.325468647216441;0.044665812146822
"DSNY_001-M-29-37-20140701";0.0504035329949167;0.34104032368534;0.106200784637632;0.0311933562183863;0.0299202852881006;0.0164383419724091;0.0197841965017447;0.00406565251523033;0.0350601653420257;0.321490767672038;0.0444025931721758
"DSNY_001-M-30-37-20140909";0.0504009480602573;0.341881354573631;0.106159072075674;0.0310140504554751;0.0298439833881706;0.0164164755381895;0.0197547101110579;0.00405853668387641;0.0350530622699261;0.321034669434654;0.0443831374090878
"DSNY_001-M-7-0-20140909";0.0503900928385054;0.34156881459828;0.106183397421503;0.0310845611662887;0.0299057899328335;0.0164219294891471;0.0197543711540432;0.00406500964504774;0.0351026152131748;0.321129252452957;0.0443941660882195
"DSNY_001-M-7-5-20140813";0.0502488632947954;0.334287501041749;0.107471192522059;0.0318966929506505;0.0304294834892546;0.0167415529246119;0.020155414035939;0.00417788428476302;0.0353373331192541;0.324667981567413;0.0445861007695111
"DSNY_001-M-9-11-20140701";0.0503973257477299;0.341678970428484;0.106068181449452;0.0310627450516694;0.029892536721205;0.0164145618071183;0.019749909346448;0.00405697146933085;0.0350233435560738;0.321265547392424;0.0443899070300651
"DSNY_001-M-9-17-20140813";0.0505773385205041;0.350544954311823;0.104779639958596;0.0299986768641591;0.0292720488020387;0.0159950193274187;0.0192714870217612;0.00388583725957813;0.034827561044607;0.316750280481905;0.0440971564076098
"DSNY_002-M-10-34-20140910";0.0507526012338988;0.36424325149998;0.102412508515625;0.0285589984958436;0.0282630664784464;0.0153268267922873;0.018588168826606;0.00366332013833721;0.0342419212522428;0.310253165657289;0.0436961711094439
"DSNY_002-M-11-0-20140813";0.0507799189714186;0.363171817351309;0.102580401283928;0.0286799733501491;0.0283479480600579;0.0153710211429091;0.0186457038903704;0.0036799435235948;0.0342655229561265;0.310749838044734;0.0437279114254019
"DSNY_002-M-27-36-20140813";0.0509006897946528;0.368534225235558;0.1017078992811;0.0280751977125255;0.0279842957287285;0.0151397592517382;0.0183869800570227;0.00358184486960566;0.0341129274298488;0.308009454650797;0.0435667259884227
"DSNY_002-M-30-5-20140813";0.0508564912523714;0.367847143312527;0.101789781648014;0.0281172780176636;0.0280693679146618;0.015179134904652;0.0184043503902169;0.00359371564081707;0.0341658759373168;0.308406635197642;0.0435702257841165
"DSNY_002-M-9-4-20140910";0.0508087978405078;0.365119269844702;0.102335725087981;0.0284804875155552;0.0282511944925503;0.0152907818721034;0.0185774967990008;0.00364744431849907;0.0342804476640289;0.309560471074024;0.043647883491047
"DSNY_003-M-1-7-20140813";0.0508731059691578;0.346590780020076;0.109108145813614;0.0300080559724475;0.0298580106729612;0.0157824457762933;0.0186305371518912;0.00383623403949841;0.0344784308121925;0.316468242187478;0.0443660115843896
"DSNY_003-M-3-26-20140813";0.050962502927503;0.353527561963991;0.108366999792777;0.0291567428892201;0.0295388468338869;0.015383576207985;0.0182582912057274;0.00370081136582923;0.034275534088719;0.312740934331143;0.0440881983932178
"DSNY_004-M-21-38-20140813";0.051196383932338;0.396736110826056;0.096906938753419;0.0252178286869469;0.026085237764063;0.0138788052341977;0.0169936365178042;0.00315284031107312;0.0329652497390265;0.294288399482386;0.04257856875269
"DSNY_004-M-33-4-20140814";0.0511067734627049;0.3898207280052;0.0981323463258174;0.0258859400618443;0.0265604035227482;0.0141902376071319;0.0173408452249748;0.00324761328799867;0.0333359685942147;0.297557097278015;0.0428220466293499
"DSNY_005-M-24-40-20140818";0.0505065194345086;0.346862080247806;0.105289820450062;0.0304260498669777;0.0295092560536716;0.0161320467497919;0.0194694578015599;0.00395506983382395;0.0349190056252822;0.318674939954806;0.0442557539817109
"DSNY_005-M-33-2-20140814";0.0501470156018675;0.329480122116149;0.108248790616215;0.0324601461784849;0.0308077604750662;0.0170320002086217;0.0204057477672539;0.00428139833405188;0.0355614378269458;0.326849673142977;0.0447259077323682
"DSNY_009-M-17-34-20140701";0.0508796026499953;0.368645135963683;0.101667394478855;0.028042442229005;0.0279695041362994;0.015119251725718;0.0183720206700908;0.00357895792620382;0.0340865975526505;0.308096171503108;0.0435429211643917
"DSNY_009-M-2-0-20140813";0.0508931063040034;0.369591098678187;0.101395020024031;0.0279524987749183;0.0279080515389337;0.0150951000532519;0.0182972602091086;0.00357399676369643;0.0340058519698254;0.307752385251604;0.0435356304324405
"DSNY_009-M-29-2-20140701";0.050845159829122;0.368492345188846;0.101707663342009;0.0280571545850117;0.028036678986114;0.0151421175233007;0.018366342519429;0.00357579251964827;0.0341564325412762;0.308075308914951;0.0435450040502916
"DSNY_009-M-33-11-20140910";0.0508711720474999;0.368328837877131;0.101680621325887;0.0280920734607601;0.0279872138530825;0.0151214659755791;0.0183787953445207;0.00358847816715739;0.0340556459575039;0.308281393480446;0.043614302510432
"DSNY_009-M-8-11-20140813";0.0508801881739595;0.368319383257743;0.101717858797964;0.0280721828339543;0.0279858168622179;0.0151415931068506;0.0183951168960894;0.0035855638967814;0.0340785300071326;0.308274483919479;0.0435492822478281
"DSNY_016-M-0-30-20140910";0.0501538964372904;0.329877305986563;0.108094133547037;0.0324858340779051;0.0307753189839668;0.0169999989913505;0.0203794158261939;0.0042836014513983;0.0354643864591758;0.326765381416304;0.0447207268228163
"DSNY_016-M-12-7-20140701";0.0501225348633366;0.330176673485149;0.108044289752045;0.0324338539837635;0.0307329900724151;0.0169579463152204;0.0203779413600817;0.00428341384537455;0.0354726237907028;0.326686034678107;0.0447116978538046
"DSNY_016-M-16-7-20140910";0.0501091913123172;0.330461918994805;0.10797948469249;0.0323726163352879;0.0307193396026204;0.0169555931118111;0.0203637630625796;0.00427292184481322;0.0354678193613534;0.326612701873823;0.0446846498080987
"DSNY_016-M-3-37-20140813";0.0501756709343636;0.329635634172783;0.10812489530896;0.0324489072609166;0.0307284279211009;0.0169664343891244;0.0203922268138563;0.00428310173420941;0.0354593028656423;0.327025490756633;0.0447599078424112
"DSNY_016-M-35-24-20140701";0.0500857101542072;0.329883054960458;0.108231098819074;0.0324431295658533;0.0307880977121763;0.0169980103904196;0.0204099700386955;0.00427245848095043;0.0355501636954796;0.326668220329461;0.044670085853225
"DSNY_016-M-36-16-20140813";0.0500981373783429;0.327190968066779;0.10855281991573;0.0327465049051801;0.0309397198855334;0.0171004033051873;0.0205213507732847;0.0043261253916842;0.0355646187466905;0.328156887139716;0.0448024644918715
"DSNY_016-M-5-26-20140701";0.0501337795648616;0.329712616101974;0.108157640730252;0.0324888476537241;0.0307427709561554;0.0169954922945633;0.0203892138409198;0.00427920913166608;0.0355054799547723;0.326880691301914;0.0447142584691978
"DSNY_016-M-6-12-20140813";0.0498351495701683;0.317737871988238;0.110232994124262;0.0339055791151746;0.0316570298442726;0.0176075117850441;0.0210613729308723;0.00451477117293656;0.0359294091726082;0.332471303222695;0.0450470070737284
"DSNY_043-M-18-37-20140814";0.0496750801471255;0.311620932074728;0.111152975858215;0.0346648071266942;0.032143152384745;0.0179451010725452;0.0214066710155058;0.00464682784579723;0.0361048534672772;0.335457481480351;0.0451821175270154
"DSNY_043-M-2-27-20140814";0.0483170192501576;0.273097168648911;0.117448139993676;0.0400673743041443;0.0351196067554596;0.0201079796355401;0.0236603137865463;0.00555699830667819;0.0372805063027161;0.35340861036963;0.045936282646542
"DSNY_043-M-33-17-20140814";0.0502324429054068;0.332703258139314;0.107703107912757;0.0320762415649372;0.0304902757851024;0.016827492911039;0.0202381757064248;0.00421944927332133;0.0353993594853911;0.325435915098725;0.0446742812175811
"HARV_001-M-14-7-20140812";0.0618189428506844;0.274575945916341;0.114706135646821;0.0441182006917893;0.0276034394746789;0.016786269830376;0.0207032504335568;0.00666024008589332;0.0229400139062234;0.359602956325579;0.0504846048380567
"HARV_001-M-15-1-20140812";0.0617864232458534;0.275255970135283;0.114222563161871;0.0440489841221489;0.0275994221170004;0.0167852111794683;0.0207326653907768;0.00664683445239534;0.022991721051207;0.359522517444466;0.0504076876995294
"HARV_001-M-30-37-20140715";0.0617556578881563;0.275061526019294;0.114262914091116;0.0441006624486003;0.0275070995260752;0.0168143150840347;0.0207793121561978;0.00666996508900262;0.022937182267734;0.35966849299893;0.05044287243086
"HARV_001-M-39-16-20140812";0.061779291740662;0.274896655379599;0.114239148708716;0.0441194051304124;0.0274635270867199;0.0167886288317028;0.020787558623851;0.00670005475460821;0.0229253678310021;0.359814080806629;0.050486281106098
"HARV_001-M-7-0-20140715";0.0617750711902919;0.274469405297901;0.114938673217324;0.0440353151577762;0.0276285060056328;0.0167785469338324;0.0206872393771961;0.00666711429582804;0.0229303747892335;0.359607849128951;0.0504819046060329
"HARV_001-O-14-7-20140812";0.061760178235232;0.274777214161953;0.114541810764524;0.0440703396502882;0.0275395127160915;0.0167846612317756;0.0207193108295498;0.00666679057866372;0.022948911044414;0.359717439909448;0.0504738308780609
"HARV_001-O-15-1-20140812";0.0617670986710826;0.274706293343695;0.114557470708176;0.0441141467576682;0.027574933978284;0.0168222811812282;0.0207145796713809;0.00666741396408506;0.0229510916771927;0.359698288278261;0.0504264017689463
"HARV_002-M-24-40-20140716";0.0623500942307171;0.260931134005029;0.127466537807551;0.0446203566288739;0.0295681655103102;0.0163151175714962;0.0187404970700543;0.00653974933830067;0.0224876546365379;0.359783126056299;0.0511975671448298
"HARV_002-O-24-40-20140716";0.0623639724831454;0.26077640803798;0.127932923487606;0.0445756045831932;0.0295383070632886;0.0162568968434099;0.0186570716399981;0.00653259333116406;0.0223935561769778;0.359711534129491;0.0512611322237463
"HARV_002-O-33-2-20140716";0.0623525024595241;0.260430747567116;0.127731047438508;0.0447238382332322;0.0295528350126462;0.01633230382967;0.0187532458497525;0.00655820811732311;0.0224188660515731;0.359841094282923;0.0513053111577321
"HARV_002-O-4-9-20140716";0.0623896639284913;0.260999756509809;0.127947305561164;0.044535460510527;0.02948303588764;0.0162615763133429;0.0186954216388982;0.00651507270778756;0.022406855028392;0.359501375004364;0.0512644769095836
"HARV_004-M-10-34-20140715";0.0632212878996014;0.229437194344301;0.160496719320985;0.0455534527198913;0.0340389073917345;0.0152109503169636;0.0148136350941312;0.00624693056140694;0.0211561417380809;0.357107506758906;0.0527172738539974
"HARV_004-M-19-1-20140812";0.0632148180929648;0.229930735078422;0.160565521894151;0.0454826946517649;0.0340880934624674;0.0152004796077166;0.0148012776822385;0.00622360806799791;0.0211904126258791;0.356612606170243;0.0526897526661549
"HARV_004-M-25-6-20140715";0.0632003955789374;0.22959210721377;0.160530554986755;0.0455583621492738;0.0340817504541723;0.0152262922896189;0.0148226850192299;0.00624618135054598;0.0212110583857493;0.356903366407614;0.0526272461643337
"HARV_004-M-3-28-20140812";0.0632166646399771;0.229268547455052;0.160552296808835;0.0455907965609714;0.0340821456424257;0.015227058632264;0.0147925801962697;0.00625713672074117;0.0211574222425459;0.357125554111722;0.0527297969891969
"HARV_004-M-9-34-20140812";0.0632385611379213;0.229574707012595;0.160581774840181;0.0455102288716857;0.0341104405915693;0.0152314926988287;0.0147994201919545;0.00623247201162604;0.0212128485484126;0.35687854493909;0.0526295091561356
"HARV_004-M-9-4-20140715";0.0632080673958461;0.229586028191735;0.160377840532322;0.0455479016729308;0.0340395162939939;0.0152009917780638;0.0147906997959684;0.00624504159144778;0.0211378047355371;0.357136389845884;0.0527297181662714
"HARV_004-O-10-34-20140715";0.0632042544455437;0.229789115793391;0.160640946286386;0.0454700420366745;0.0341260961989257;0.0151767845359522;0.0147695863393986;0.0062213770791696;0.0212283667473003;0.356714096172607;0.0526593343646515
"HARV_004-O-19-1-20140812";0.0632179960403004;0.229880773724449;0.160320586227762;0.0454588013818801;0.0340635069131528;0.0152201127183256;0.0147975924588788;0.00623130305423697;0.0212052978211476;0.356933342295855;0.0526706873640117
"HARV_004-O-25-6-20140715";0.0631808724740682;0.229910214319548;0.160493581422333;0.0454439102010537;0.0340060667759217;0.0151659141549721;0.014801826668652;0.00623924537998328;0.0211792863366356;0.356878191017423;0.0527008912494091
"HARV_004-O-3-28-20140812";0.063236582161042;0.229489538830503;0.160845587576495;0.0454719107028803;0.0340975754220264;0.0151667242135211;0.0147518879672142;0.00622950826719991;0.0211377434505872;0.356862035935862;0.0527109054726693
"HARV_004-O-9-34-20140812";0.0632210836079398;0.22981141526813;0.16074527795441;0.0454068272436484;0.0340932810990481;0.0151881853670818;0.0147602718773842;0.00620763711173149;0.0212027783065185;0.356707821114474;0.0526554210496337
"HARV_010-M-2-0-20140715";0.0613740735350004;0.27988257340667;0.109928906187203;0.0439452730012403;0.026834769796674;0.0170383298465881;0.0216972184164268;0.00674917949789239;0.0231353218595197;0.359345854579522;0.0500684998732637
"HARV_010-M-39-30-20140715";0.0613592238198484;0.279041190456387;0.110344082055099;0.0440441289965747;0.0269148500706192;0.0170259081661956;0.0216488856753682;0.00673618323466281;0.0231440094936037;0.359657408611873;0.0500841294197687
"HARV_010-M-8-11-20140715";0.0613402663339224;0.278997787121751;0.110541653573271;0.0440301229391633;0.0269575088767244;0.0170331698974483;0.0216422275084526;0.00673620226205512;0.0231721458727283;0.359446661129673;0.05010225448481
"HARV_010-O-2-0-20140715";0.0614036641628688;0.27874747441262;0.110554487925868;0.0440588212610372;0.0269687264030336;0.017035764027438;0.0215726222828423;0.00676623613361472;0.0231107656703026;0.359651042396092;0.0501303953242826
"HARV_010-O-39-30-20140715";0.0613762214387782;0.278803331783121;0.110105442734604;0.0440950206866137;0.0269047186964027;0.0170821942524131;0.0216900567559008;0.0067769381224716;0.0231445681367954;0.359899173793056;0.0501223335998442
"HARV_010-O-8-11-20140715";0.0613578847289031;0.278360212968687;0.110480360637617;0.0441016503092882;0.026998885655205;0.0170691804467583;0.0216721153174161;0.0067723512161242;0.0231581243822742;0.359907357724444;0.0501218766132827
"HARV_013-M-0-13-20140812";0.0616890350856818;0.275261686235324;0.113586524379025;0.0441059838591717;0.0274797381192106;0.0168683363275621;0.0209246984683093;0.00667987350661224;0.023022244462577;0.35998365559641;0.0503982239601173
"HARV_013-M-14-6-20140812";0.061674905179751;0.27499219240199;0.113881725056527;0.0441373009485827;0.0274737195988697;0.0168662677616779;0.0208731345588343;0.00669302704508371;0.0229623473712967;0.36000334607205;0.0504420340053374
"HARV_013-M-15-7-20140717";0.061631534949678;0.275442970219829;0.11370841291801;0.0441111365259277;0.0274970433173216;0.0168719345489719;0.020952788583992;0.00668447460498934;0.0229776137321115;0.359717861463244;0.0504042291359247
"HARV_013-M-28-3-20140812";0.061669642171234;0.274865228646591;0.113820654111391;0.044176223034703;0.0275280073792478;0.0168514198459433;0.0209207748840333;0.00670042762670219;0.0229837849508782;0.360061564982025;0.050422272367251
"HARV_013-M-4-7-20140717";0.0616753521914373;0.275023675351242;0.113438671674506;0.0442534701506839;0.0274017001017393;0.0169051285073754;0.0210307973100142;0.00672314006620299;0.0229788981216525;0.360125967110353;0.0504431994147937
"HARV_013-O-0-13-20140812";0.0617032664628565;0.275069250845184;0.113778472394613;0.0441773715545389;0.0274565555156912;0.0168663079758641;0.0209621287847751;0.00668482144247848;0.022987304331887;0.359905152207543;0.0504093684845686
"HARV_013-O-14-6-20140812";0.0616705005160741;0.275268110601781;0.113507207694442;0.0441882964409056;0.0274650205781753;0.0169263484664866;0.0210119799225398;0.0066982758362287;0.0230308833482781;0.359832635183413;0.050400741411676
"HARV_013-O-15-7-20140717";0.0617142487596891;0.274986100732433;0.113790655343703;0.0441417290660645;0.0274664708110439;0.0168859165350608;0.0209352409540049;0.00669732304634798;0.0229783246527311;0.359960975754613;0.0504430143443093
"HARV_013-O-28-3-20140812";0.0616368539064426;0.275230894749234;0.113734344501991;0.0441437814810126;0.0274742795190258;0.01684726495384;0.0209630648472388;0.0066926593401354;0.0230217735592352;0.359824248580636;0.0504308345612092
"HARV_013-O-33-11-20140716";0.0616540423490431;0.27534150002162;0.113092789261725;0.0441968783214774;0.0274262950257297;0.016915621769447;0.021024595088209;0.00674147497740374;0.0229970770043454;0.360230575637147;0.0503791505438526
"HARV_016-M-0-30-20140715";0.0619553041678445;0.278827416447057;0.114663460988141;0.0433153052188259;0.0273054080231747;0.0165671734477745;0.0205872828496804;0.00654275660131066;0.0228188846697553;0.357050939336875;0.0503660682495612
"HARV_016-M-16-7-20140715";0.0618753051196196;0.279583769709755;0.113702118376206;0.0433525759257376;0.0272387670901865;0.0165806914739041;0.0206538892333707;0.00654165324900159;0.022862491139105;0.357272005682296;0.050336733000817
"HARV_016-O-0-30-20140715";0.0619178755255568;0.279446045875387;0.114726886361097;0.0433127220095067;0.0273131568183273;0.016519190882425;0.020570523048169;0.00650076482455624;0.0228658040408967;0.356533944638636;0.0502930859754427
"HARV_016-O-16-7-20140715";0.0618416686603541;0.279499562426635;0.114760702117028;0.0432481115070344;0.027265823151244;0.0165440676970875;0.0204996557482934;0.00650180004538227;0.0228588576358832;0.35672784322222;0.0502519077888383
"HARV_020-M-12-33-20140812";0.0633900799337864;0.192139275285393;0.215360768653238;0.0447945235356129;0.0403046617286333;0.0133925817083837;0.0102837836492108;0.00562447575571201;0.0190203269516238;0.34210612971253;0.0535833930858761
"HARV_020-M-30-27-20140812";0.0634314920171023;0.192464106989634;0.215343630852554;0.0446534022840048;0.040366698805282;0.0133707582572359;0.0102774393445332;0.00560969010014188;0.0190595477056624;0.341922025895483;0.0535012077483659
"HARV_020-M-37-22-20140812";0.0633036546040055;0.191511045186807;0.215652771775563;0.0448518787961901;0.0404899929720025;0.0134360166540813;0.010306480837184;0.00562435461452288;0.0190873309486343;0.342235618323316;0.053500855287694
"HARV_020-O-12-33-20140812";0.0634185195665154;0.192126346278783;0.215420801559642;0.0447544146123055;0.0403617257821533;0.0134000840732718;0.0102918675673338;0.00562169847707152;0.0190262691545893;0.342017340184523;0.0535609327438114
"HARV_020-O-30-27-20140812";0.0633454335388343;0.19181944937838;0.215546066770065;0.0447980982169389;0.0404197929350592;0.0134230620876372;0.0102888892686898;0.00562955574754755;0.0190634309999879;0.342129373973047;0.0535368470838143
"HARV_020-O-37-22-20140812";0.0633760691589475;0.191621130631805;0.215588853675609;0.0448963783431991;0.0403532576570211;0.013409121040175;0.010298407978933;0.00563472059695921;0.0190166806138589;0.342248601201945;0.0535567791015472
"HARV_021-M-3-37-20140717";0.061343925048735;0.278104555522917;0.110755727123381;0.0441517666115917;0.0270343661792663;0.0170790978970009;0.0215687969957733;0.00676620970539324;0.0231137678430684;0.359996630358511;0.0500851567143633
"HARV_021-M-36-16-20140717";0.0613897550454627;0.277772054641786;0.111375906335262;0.0440798969165841;0.0271132085825615;0.0169800736826871;0.0214920000983443;0.00675856682185179;0.0230796896135324;0.359719272863765;0.0502395753981627
"HARV_021-M-6-12-20140717";0.0613864459628175;0.278155529512727;0.111135389049595;0.0441062712041279;0.0269634540623464;0.0169849702268235;0.0215216630394245;0.0067491663750955;0.0230305049238242;0.35984882458972;0.0501177810534978
"HARV_021-O-3-37-20140717";0.0614444839524637;0.277874175147494;0.111630663279708;0.0440091681776469;0.027032974074852;0.0170117193977969;0.0215128401112137;0.00675746555570087;0.023077864752257;0.359482053140283;0.0501665924105835
"HARV_021-O-36-16-20140717";0.0614222022513259;0.278429037564086;0.110552169990978;0.0440990872043779;0.0270147833271527;0.0170034893142609;0.0216362600330504;0.006753486726453;0.0231466165145041;0.359765051405286;0.0501778156685245
"HARV_033-M-23-30-20140717";0.0624488922653444;0.260156357588036;0.128413765998967;0.044641188655298;0.0295846071924915;0.0162606482822505;0.0185718622879085;0.00651169828883852;0.0223953979283881;0.35964413122576;0.0513714502867175
"HARV_033-M-30-38-20140717";0.062437923292098;0.260070781977867;0.128291529971072;0.0446902417877856;0.0296641269951868;0.0162989782401019;0.0185299067347888;0.00652835973652325;0.0224258687963579;0.359743203333283;0.051319079134936
"HARV_033-M-33-4-20140717";0.0624344965711694;0.259996071431579;0.128416174440765;0.0446842259801522;0.0296175742641832;0.0162668625672802;0.0185678776267756;0.00651972259205591;0.0223996929616914;0.359776785258526;0.051320516305822
"HARV_033-O-23-30-20140717";0.0624456375784336;0.259927771293362;0.128320674310694;0.0446776566062204;0.0296615572164942;0.0162647936433512;0.0185484600224237;0.00653399120105164;0.0224026106717905;0.359881761034698;0.0513350864214808
"HARV_033-O-30-38-20140717";0.0624556583263675;0.260637858227637;0.128298919707809;0.0445565659467525;0.0295822610205808;0.0162350678824423;0.0185592952890478;0.00649624060147185;0.0224106856592176;0.359466293652238;0.0513011536864358
"HARV_034-M-23-8-20140717";0.0617801603472264;0.274249340116128;0.114877358602986;0.0441686221329185;0.0276076692901647;0.0167663265228012;0.0206927864133903;0.00667886683134771;0.0229347157859786;0.359723781571732;0.0505203723853257
"HARV_034-M-31-3-20140717";0.061719236924559;0.274033684772307;0.114744576180557;0.0441797526912064;0.0276881845753903;0.0168188683863507;0.0206840749021507;0.00667420440581169;0.0229997098926028;0.360007769604185;0.050449937664879
"HARV_034-O-19-30-20140717";0.061723090165464;0.273809511202101;0.114728055174493;0.0442542739049324;0.0276687429006443;0.0168597667342799;0.0207129045377246;0.00668553717349499;0.0229899900872858;0.36008499959988;0.0504831285197005
"HARV_035-M-33-17-20140716";0.0620632541516318;0.267671353753416;0.120721913773553;0.0444336790963426;0.0284899986040044;0.0165601922721772;0.0197180245703949;0.00662234540751697;0.0226703357937346;0.360144928833411;0.050903973743817
"HARV_035-O-18-37-20140717";0.0620526228897261;0.267698038771831;0.120641377047455;0.0444513045685256;0.0285568103529482;0.0166074270291726;0.0197371904151395;0.00660825925926309;0.0227416877568057;0.360046225115361;0.0508590567937722
"JERC_001-M-1-6-20140805";0.0556274879028639;0.250502000871558;0.109810788623527;0.0466572917859803;0.0388361646356173;0.0233219306161746;0.0240674383988913;0.0067089576119238;0.0325962512433468;0.367113742802697;0.0447579455074192
"JERC_001-M-17-34-20140710";0.056136078804316;0.259871299342805;0.108499080002837;0.0449914661579043;0.0380719469409901;0.0226945853008298;0.0235206718617961;0.00641637787740082;0.0324102510881556;0.362742482932141;0.0446457596908245
"JERC_001-M-29-2-20140710";0.0560971307050871;0.25987262873119;0.108430622926749;0.0450012170886193;0.0380366993403553;0.0227064791253485;0.0235150396494518;0.00641064378678168;0.0324087934290841;0.362868530663493;0.0446522145538403
"JERC_001-M-7-5-20140805";0.0563080981696175;0.263841151130067;0.108019831404515;0.0443087494755098;0.0377566973865079;0.0224621809817027;0.0232846997751225;0.00627441780718734;0.0323767730075222;0.360814169261648;0.0445532316006009
"JERC_001-M-9-17-20140805";0.0561986090892762;0.261526627917382;0.108256593263339;0.0447048845654672;0.0378647498736316;0.0225898678390056;0.0233995671837878;0.00636037836969193;0.0323401774422868;0.36209996849653;0.0446585759596019
"JERC_002-M-11-0-20140805";0.0565028682808289;0.267236887115558;0.107351549769297;0.043754011753272;0.0373929981288108;0.022204212211942;0.0230700638495144;0.0061877741445354;0.0322023956562236;0.359517737639062;0.0445795014509552
"JERC_002-M-12-7-20140710";0.056266183507353;0.26290893692871;0.108047691801357;0.0444641734990643;0.0377268836445139;0.0225235874308542;0.0233281062413584;0.00632464983153194;0.032318909845594;0.361461561521395;0.0446293157482679
"JERC_002-M-27-36-20140805";0.0559193706237123;0.25621963093866;0.109100609226922;0.0455856665523649;0.0383830071929323;0.0229523288170299;0.0237347203489094;0.00651243145032998;0.0324805304269642;0.364415035408555;0.0446966690136198
"JERC_002-M-35-24-20140710";0.0562750913865852;0.262760342592455;0.108061761787373;0.0444983791754459;0.0377793533013987;0.0224923545021205;0.0233372746678906;0.0063335310464911;0.0323126364276302;0.361498642193228;0.044650632919382
"JERC_003-M-1-7-20140805";0.056382213056545;0.264779958221842;0.107830979832476;0.0441880739865216;0.0375937491134289;0.0223805865465586;0.0232044198414945;0.00626092215222154;0.032260704620444;0.360539003719153;0.0445793889093142
"JERC_003-M-3-26-20140805";0.057263081446922;0.283083234850047;0.105120808575079;0.0411981707580041;0.036080344761434;0.0212150503646631;0.0221373445896438;0.00573101636049061;0.0318612190617914;0.352032095323341;0.0442776339085835
"JERC_003-M-33-0-20140805";0.0556472835588801;0.250561214021681;0.109968578396465;0.0466257775715696;0.0387727948348341;0.0233019254832801;0.0240954306671772;0.00669485401469252;0.0325620243134197;0.36700052327393;0.0447695938640707
"JERC_005-M-24-40-20140805";0.0565851587461735;0.268608453270075;0.107234070612112;0.0435225716032542;0.0372840273972709;0.0221183987582496;0.022991725405593;0.00614138763025584;0.0322305079596022;0.35876449399393;0.0445192046234839
"JERC_005-M-33-2-20140805";0.0557908757727356;0.253616515857918;0.109368950770121;0.046067569592071;0.0386109248468929;0.0231217188314021;0.0238820896574687;0.00659667029432867;0.0325456840740907;0.365679563871897;0.0447194364310748
"JERC_005-M-4-9-20140805";0.0563651421443946;0.264876699729256;0.107803930630165;0.0441194934326106;0.0376058046714489;0.0223600190154416;0.0232246148959209;0.00624975061632351;0.0323090511524975;0.360507859568408;0.0445776341435333
"JERC_006-M-15-33-20140710";0.0563159620566109;0.263552457169807;0.10793383363433;0.0443783257557645;0.037737581891708;0.0224751816092152;0.0232872480314277;0.00630187210133463;0.0323014032616771;0.361129128483902;0.044587006004223
"JERC_006-M-2-0-20140805";0.056887201353379;0.27550852431984;0.10620892125459;0.0424133173833383;0.0366722920884583;0.0216897002379182;0.0225729399941035;0.00594951710390333;0.0320492394201956;0.355631457380576;0.0444168894636978
"JERC_006-M-21-39-20140710";0.0563351084393386;0.263430030107627;0.107956859349218;0.0444013758836272;0.0377410761421869;0.0224671660547223;0.0233013567255915;0.006304367483842;0.0322941856275547;0.36119335414128;0.0445751200450119
"JERC_006-M-2-33-20140710";0.0562916995268377;0.263120827571039;0.108046465020632;0.0444139473267147;0.0377687063397648;0.0224811792973002;0.0233065001143144;0.00630187716903641;0.032346953932257;0.361312002537854;0.0446098411642496
"JERC_006-M-39-30-20140805";0.0561779474555706;0.26033448246279;0.108421058572499;0.0449182549184969;0.0380383926617445;0.0226619877345566;0.0234880976831923;0.00639394209223561;0.0323753199255125;0.362571418239865;0.044619098253537
"JERC_006-M-8-11-20140805";0.0562364434077457;0.26227794494539;0.108152003011674;0.0445918681930062;0.0377681700275044;0.022541890248839;0.0233662548967637;0.00634774591159643;0.0323224570879777;0.361750998653357;0.0446442236161456
"JERC_008-M-23-30-20140805";0.0542529834384257;0.228498357470954;0.112932904546414;0.0507916590552575;0.0409037458106464;0.0249079195442557;0.0255215002062237;0.0074614678476017;0.0330297007650178;0.376775355844445;0.0449244054707586
"JERC_008-M-33-4-20140805";0.0560547845562392;0.258489776692815;0.108734779487101;0.0452383379073238;0.0381047308195591;0.0227815884137975;0.0236134559475361;0.00645074419581449;0.0324059816017345;0.363436333260503;0.0446894871175774
"JERC_047-M-3-32-20140805";0.0560327673395461;0.255763615646985;0.110505584738875;0.0454318753535729;0.0386437257086088;0.0227824952605818;0.02335640419756;0.00646532633014279;0.0323610185684021;0.363916518639819;0.0447406682159069
"JERC_047-M-36-16-20140805";0.055859190518609;0.252098843079022;0.111174601541234;0.0460921144325598;0.0389465891287022;0.0229855880818443;0.0235642737851759;0.00656451306092557;0.0324605139006212;0.365438406083778;0.0448153663875289
"JERC_047-M-6-12-20140805";0.0557950662567441;0.251649350506739;0.110851595663339;0.046251027253028;0.0388614600668824;0.0230714042972761;0.0236813562711231;0.00660869599745953;0.0323920626246926;0.366006638368199;0.0448313426945166
"JERC_048-M-19-30-20140805";0.055906360584849;0.253567470707729;0.110237697175853;0.0459735607527477;0.0386875867218943;0.0230260091524864;0.02366955261732;0.00656577166764213;0.0324697869169883;0.365144759966659;0.0447514437358316
"JERC_048-M-27-8-20140805";0.0560671210401741;0.256503039431455;0.110111511261121;0.0454015960536711;0.03852229476164;0.022731028687339;0.0233757292657096;0.0064489906717795;0.0323918769372012;0.363692709747091;0.0447541021428186
"JERC_048-M-31-3-20140805";0.0559442036702208;0.254132525962639;0.110263638052058;0.0458176637785865;0.0386747339661916;0.0229280606283752;0.0235632232932415;0.00653876542750383;0.0323934832116412;0.364989666803713;0.0447540352058299
"JERC_049-M-18-17-20140805";0.0562435205651208;0.25986875019377;0.10973664678417;0.0448348134497154;0.0382132443449886;0.0225248276764874;0.0232107384455389;0.00635905962163407;0.032303280174246;0.362001530915258;0.0447035878290716
"JERC_049-M-2-27-20140805";0.0576503921268211;0.289755570185182;0.105614757745299;0.0400026474514009;0.035596670497022;0.0205662195578969;0.0214127288445418;0.00551091109427632;0.0315409325938179;0.348103838133613;0.0442453317701287
"ORNL_001-O-17-34-20140715";0.0563815715408141;0.250280749619559;0.139719693667588;0.0427330915285945;0.0351636058460711;0.017020672729574;0.0176375673491375;0.00591889336225355;0.0270149426789475;0.358218342696318;0.0499108689811434
"ORNL_002-O-5-26-20140714";0.0568214149347945;0.221135687417006;0.172176945167779;0.0434113740401715;0.0399113222118933;0.0158935808803389;0.0141670911884107;0.00568170322624611;0.0254582799205065;0.354341612620337;0.0510009883925161
"ORNL_003-O-9-11-20140714";0.0578411316731269;0.289879550634344;0.12755577929193;0.0373829338824234;0.0315799439704939;0.015579216256464;0.0168244311703547;0.00508247874227637;0.0265703355547362;0.34272611468098;0.0489780841428716
"ORNL_021-O-15-33-20140714";0.0526555271914036;0.165062503385082;0.19621676354149;0.0530451242607485;0.0468069761435283;0.0179641768660916;0.014806486245964;0.00717232604499062;0.0253922405161526;0.369943444814185;0.0509344309903636
"ORNL_027-O-2-33-20140715";0.0558786136593055;0.188006250887058;0.219773601871254;0.044270048276726;0.0464944436562036;0.0145828485833693;0.0106022582885567;0.00552770083526131;0.0230904999801583;0.340753942272435;0.0510197916896726
"ORNL_029-O-9-2-20140714";0.0497996998376512;0.156382583185009;0.168471667632746;0.0608428532741647;0.0452275515668803;0.0215256628383636;0.0201713799729917;0.00906149704205712;0.0273388171458133;0.391125684837804;0.0500526026665192
"ORNL_031-O-11-3-20140714";0.0494506668457937;0.125918198812703;0.236681808944247;0.057723243252756;0.0542301801472015;0.0177841621752761;0.0125568329823125;0.00765028119015681;0.0235690995099142;0.364187769991807;0.0502477561478324
"ORNL_037-O-4-23-20140715";0.0567609490387692;0.278441041697611;0.124527558072009;0.0398481988276504;0.0319075867013926;0.0166740885588332;0.0185302148178534;0.00559533080129088;0.0272442527408701;0.351437686539176;0.0490330922045445
"ORNL_043-O-2-27-20140715";0.0584913831196978;0.305732691676244;0.125365794130429;0.0350508845509667;0.0304567752866488;0.0147748777049222;0.0159366186991604;0.00468991459003731;0.0261287941863942;0.334717037155988;0.0486552288995124
"OSBS_001-M-17-34-20140701";0.0551188508027416;0.369314371678883;0.0977283570751347;0.0287568290082326;0.0287244265480224;0.0155828593328987;0.0176905851931561;0.00368422554151292;0.0315599193082875;0.308917137492587;0.0429224380185433
"OSBS_001-M-17-34-20140818";0.0549205931547962;0.357825015580433;0.0996210543218875;0.0300100552678832;0.0295041363396853;0.0160931424123163;0.0182184840376343;0.00388776637737987;0.0318513179642347;0.31472709420571;0.0433413403380401
"OSBS_001-M-26-3-20140701";0.0547487100645387;0.348500688811479;0.101133314049235;0.0310748612309679;0.0302812058216996;0.0165680528403161;0.0186708487996167;0.00404685712044819;0.0322744768714637;0.319108790522661;0.0435921938675739
"OSBS_001-M-26-3-20140818";0.0549351459095539;0.357551581272216;0.0998713353672896;0.0300340986762513;0.0295611967477407;0.0161213741303961;0.0182401890402059;0.00388413646891451;0.0319309610272262;0.314545019764689;0.043324961595516
"OSBS_001-M-29-2-20140701";0.0549174707909891;0.357767962616802;0.0997526972763154;0.0300304910890553;0.0296044526964833;0.016135141622523;0.0182215989218402;0.00386973813762864;0.0320028436523853;0.31442032774595;0.0432772754500272
"OSBS_001-M-29-2-20140818";0.0546783939016275;0.346548983246677;0.101526758227741;0.0313023200274654;0.0304208579249132;0.0167014486812233;0.0187926471992185;0.00407517486140673;0.0323742208635446;0.319942386126037;0.0436368089401454
"OSBS_002-M-12-7-20140701";0.0518135333376965;0.261868600222553;0.115162168317459;0.0429355700079599;0.0370937954259251;0.0214211075510999;0.0235100290352934;0.00604342267347794;0.0348109418350022;0.359858154003429;0.0454826775901039
"OSBS_002-M-12-7-20140818";0.0524963025803694;0.277191313951272;0.112664376430338;0.0406120250173444;0.0357525300675528;0.0205013995056185;0.0225998025434931;0.00563151367588171;0.0343918750542175;0.352910882958441;0.0452479782154714
"OSBS_002-M-35-24-20140701";0.0525295574346908;0.277305000895541;0.112663298499994;0.0405190284480153;0.0358372408055973;0.0204955506739059;0.0226215170293805;0.0056214128502976;0.0344483348778887;0.352708997340428;0.0452500611442611
"OSBS_002-M-35-24-20140818";0.0528765592472102;0.286027607536416;0.111161509807816;0.0392437642683988;0.0350541035448444;0.0199814942581232;0.02208965470402;0.0054027052977429;0.0341725924584666;0.348859047356292;0.04513096152067
"OSBS_002-M-5-26-20140701";0.0524906766144678;0.277612113899528;0.112373949679507;0.040544334907512;0.0357196093871585;0.0204817088899477;0.0226504833008225;0.0056324131345338;0.0344667581208447;0.352773453996503;0.0452544980691746
"OSBS_003-M-17-9-20140701";0.0551720810983412;0.299566523737944;0.124917282787537;0.0349684041670139;0.0358344452709172;0.0170779354410291;0.0171762067010794;0.0044186300273243;0.0321349591166841;0.333125210930597;0.0456083207215318
"OSBS_003-M-17-9-20140818";0.0548838666673487;0.290107387731176;0.126531096925185;0.0362640069630449;0.0366243907646136;0.0175792003300128;0.0175738985909985;0.00462463001749616;0.0323373033196079;0.337668436802218;0.0458057818882981
"OSBS_003-M-29-37-20140701";0.0547728145767701;0.288300436291356;0.126870837477531;0.0364899648179591;0.0367976967288461;0.0176577566874466;0.0176897830404176;0.00466618844851026;0.0324070634821245;0.338477882718008;0.0458695757310314
"OSBS_003-M-29-37-20140818";0.0548487470380235;0.290869896015465;0.126512084176689;0.0361598919360162;0.0365920010066538;0.0175464831510497;0.0175902135794103;0.00461194513941481;0.0323449567844585;0.337160215526082;0.0457635656467373
"OSBS_003-M-9-11-20140701";0.0548570831536652;0.290867138838084;0.12640460648508;0.036175306929775;0.0365713023698578;0.0175354188426438;0.0175679202582937;0.00461363578128821;0.0323993800517764;0.337235127292912;0.0457730799966239
"OSBS_003-M-9-11-20140818";0.05426397511164;0.276300674052584;0.129111904286739;0.0381693402307003;0.0378209407480756;0.0183411317741536;0.0182620638855049;0.00493172809966401;0.0327705579168261;0.343966473629821;0.0460612102642924
"OSBS_022-M-15-33-20140701";0.0551454807112324;0.380395329385804;0.0974767936618518;0.0276660660078417;0.0281715121652358;0.0149882755522602;0.0169036071177412;0.00351037151661494;0.0309491333951955;0.302268343302898;0.0425250871833244
"OSBS_022-M-21-39-20140701";0.0554384370645565;0.392121506567565;0.0954519372531366;0.0262074095715994;0.0272815523757318;0.0143937619660422;0.016331485972021;0.00327959259965851;0.0305659101263516;0.296727402723793;0.0422010037795449
"OSBS_022-M-2-33-20140701";0.0552099077490566;0.381525680686144;0.097042988665078;0.0274952610731201;0.0280568217502056;0.0149455447272055;0.0169401139462895;0.00350768988013268;0.0309248944927177;0.301901981611218;0.0424491154188318
"SCBI_002-M-1-6-20140715";0.0518426248414852;0.132962490269778;0.241272480704766;0.0568237227616466;0.0487132751184417;0.0165971687072448;0.0128835915804539;0.00728804695338378;0.0225015259557441;0.357858446508921;0.0512566265981346
"SCBI_002-M-26-3-20140618";0.0513311338934106;0.129858164782021;0.242373617141463;0.0576615998892173;0.0491676554046927;0.0167803304291456;0.0130240002220373;0.00742421423382197;0.0225873929625282;0.358669149960108;0.0511227410815542
"SCBI_002-M-7-5-20140715";0.0525657718648558;0.138607518437171;0.240030314576004;0.0551914175352509;0.0480157594684859;0.0162382506487555;0.0126545829651041;0.00700999014590626;0.0225268796166165;0.355700521385192;0.0514589933566584
"SCBI_002-M-9-17-20140715";0.0512404583137567;0.128968785911679;0.242521046809048;0.0580165923224875;0.0492415715617975;0.0168408532133329;0.0130524602201798;0.00747186612953922;0.0225382036361184;0.358970301859804;0.0511378600222564
"SCBI_003-M-11-0-20140715";0.0544639140083217;0.180557947113137;0.17978815952744;0.0538175422669339;0.0400983101952193;0.0179966566149833;0.0177409880534948;0.00731700354971179;0.0254051972398311;0.371309882906815;0.0515043985241125
"SCBI_003-M-13-6-20140618";0.0534971945346066;0.170391661145876;0.181929816829652;0.0563382202457506;0.0410322178588113;0.0186156408069827;0.0182522025261306;0.00776474468701424;0.0253993207010842;0.375341833359363;0.0514371473047278
"SCBI_003-M-27-36-20140715";0.0539583688183985;0.174951998716585;0.181047199571091;0.0551489923475383;0.0406096743922786;0.0183127331247452;0.0180030413153473;0.00755856777052558;0.0253775278908272;0.373550050439069;0.0514818456135945
"SCBI_003-M-30-5-20140715";0.0575861380421669;0.216572753128475;0.1718377948804;0.0462242278529844;0.0366985960444598;0.016025562121407;0.0160546539888216;0.00604182615361072;0.0249070422481664;0.356423337795115;0.0516280677443928
"SCBI_003-M-35-24-20140618";0.0519878900442558;0.156358471854549;0.184795522691898;0.060022633778559;0.0424706024860346;0.0195018348290199;0.0190056364065498;0.00844124315384101;0.0254780424908212;0.380749202246461;0.0511889200180112
"SCBI_003-M-5-26-20140618";0.0503232799929009;0.142311027195706;0.187717593421638;0.0641163478432379;0.0439977061587328;0.0204706143718927;0.0198071526845959;0.00920243594837873;0.025545285015034;0.38568515393539;0.0508234034324938
"SCBI_006-M-15-7-20140827";0.053200647916449;0.142856200144429;0.239880453605961;0.0538658789015772;0.047536703340659;0.0159427362828224;0.0124062507672697;0.00678070256433948;0.0224810370174929;0.353515323744517;0.0515340657144828
"SCBI_006-M-1-7-20140715";0.050853897682885;0.126027078240671;0.244253073166174;0.0587196489296324;0.0496752066062938;0.0169627891326336;0.0130735167816643;0.00758470562381212;0.0224728018030552;0.359392197155913;0.0509850848772656
"SCBI_006-M-17-9-20140618";0.0510267266226913;0.127209121904446;0.243992471527593;0.0583327834720741;0.0496186042217973;0.0169117086499498;0.0130281007169517;0.00751139841051138;0.0225231619851526;0.358853943620817;0.0509919788680156
"SCBI_006-M-27-2-20140715";0.050967956634622;0.126813990786145;0.244046894768506;0.0584426035648103;0.0496529404645252;0.0169325777910215;0.0130422093857442;0.0075402283666215;0.0225210317573176;0.359034886921852;0.0510046795588343
"SCBI_006-M-29-37-20140618";0.052348674795115;0.136792222074437;0.24149268160681;0.05554923417125;0.0483328513965894;0.016303286734511;0.0126387223638457;0.00703970015431723;0.0225196296112075;0.355641472200018;0.0513415248918996
"SCBI_006-M-3-26-20140715";0.0528448305134634;0.140218915417521;0.240419944810318;0.0545793518511899;0.0479139849562254;0.0161096800586407;0.0125040230314435;0.00688752194271376;0.0225111933156318;0.354557911621297;0.0514526424815555
"SCBI_006-M-33-11-20140826";0.0528575821167225;0.14060770432031;0.240549037932876;0.0544699910877407;0.0478127469662771;0.016051097244279;0.0124986909850548;0.00686828580308834;0.0225042902469289;0.354295989008363;0.0514845842883596
"SCBI_006-M-4-7-20140826";0.0530952424219106;0.142162152543684;0.23999208106303;0.054053869351207;0.0476866680874415;0.0159828110408454;0.0124254864686161;0.00679884655174214;0.0225091856409941;0.353795905850124;0.0514977509804052
"SCBI_006-M-9-11-20140618";0.0527544926619689;0.139640718100467;0.240851812508503;0.0547112238428544;0.0478695418342799;0.0160990290477679;0.0125261333821099;0.00690945200516829;0.0224634069272442;0.354703007900672;0.051471181788964
"SCBI_012-M-0-30-20140825";0.0526290196927745;0.138531536740872;0.240844811257833;0.0550588684573116;0.0480453763933118;0.0161818463307826;0.0125693086340926;0.0069780866138503;0.0224514435913312;0.355256239908782;0.0514534623790582
"SCBI_012-M-15-33-20140618";0.0503342857021348;0.122589337747203;0.244904765811293;0.0597512326954574;0.0502375994148677;0.0171863621320758;0.0132266069818785;0.0077670531875605;0.0225042247383644;0.360663477462336;0.0508350541268289
"SCBI_012-M-16-7-20140825";0.0518935840469553;0.133313962610662;0.242631665227848;0.0564775144739046;0.0487574949425765;0.0164883522447239;0.0127696403376423;0.00719030065783515;0.0225225199748338;0.356725631222885;0.0512293342601326
"SCBI_012-M-21-38-20140715";0.0539050360139214;0.148840127184874;0.238321921310348;0.0522993553765768;0.0467706442577681;0.0155645985643623;0.0121748952578042;0.00650793799296573;0.0224532054867257;0.351454261620055;0.0517080169345986
"SCBI_012-M-21-39-20140618";0.0510578903531021;0.127330097316423;0.243913999488959;0.0583287693930203;0.0496138057261411;0.0169011900852508;0.0130290888735928;0.00750393375156802;0.0225418452586723;0.358790294490919;0.0509890852623518
"SCBI_012-M-23-28-20140825";0.051735435278865;0.132356296508654;0.242412083177118;0.0568128820749895;0.0489744617671852;0.016590307604353;0.0128141729503495;0.00726979207948734;0.0225637726137112;0.357247424950559;0.0512233709947282
"SCBI_012-M-2-33-20140618";0.0511066385681143;0.12787186767687;0.243742699602981;0.0581451813266432;0.0495071809211863;0.01686282360321;0.0130014897428336;0.00748686716139708;0.0225143963489572;0.358715704704844;0.0510451503429634
"SCBI_012-M-33-4-20140715";0.0511758458222433;0.128088131369405;0.243472981185226;0.0581160033434589;0.0494378137067245;0.0168537864178239;0.0129924166947501;0.00748587482358328;0.0224611650126187;0.358830894212793;0.0510850874113742
"SCBI_033-M-36-16-20140826";0.05208260585126;0.134457701141427;0.242155098790877;0.0561897790593114;0.0486495422822762;0.0164291481930618;0.0127352757445737;0.00715956784607617;0.0224971314303557;0.356406105411913;0.0512380442488683
"SCBI_033-M-4-38-20140826";0.0537528319701008;0.147541492687473;0.238672093083228;0.0526059156775044;0.0471067879196066;0.0157073887984244;0.0122263964282066;0.00655229709312267;0.022557447841247;0.351680128442331;0.0515972200587555
"SCBI_033-M-6-12-20140826";0.0536237396578657;0.146495260304657;0.238976665166986;0.0529051698395946;0.0471047993077192;0.0157288577743173;0.0122604253012369;0.00661392551563012;0.0225061346081685;0.352161748589548;0.0516232739342765
"SCBI_045-M-23-30-20140825";0.0541231412857174;0.150158319550956;0.239305090530603;0.0517020833443736;0.0467834799384763;0.015435679773657;0.0119684067041979;0.00639746744222341;0.0224186801780333;0.349989121715629;0.0517185295361331
"SCBI_045-M-30-38-20140825";0.0539980210159795;0.149063215837041;0.239717151000239;0.0519262730514791;0.0469598492141479;0.0154879692838837;0.0120170159008575;0.00643327768529335;0.0224590272180526;0.350315817171353;0.0516223826216738
"STER_005-M-0-30-20140820";0.0553348316887453;0.0862293219340984;0.276081095013413;0.0791514519856264;0.0528233139283132;0.0206152518386206;0.0166519975987227;0.00862857126899949;0.0208272754634329;0.338691291642594;0.044965597637434
"STER_005-M-16-7-20140820";0.0536968488639978;0.0799644909973537;0.277433321410567;0.0826252922269745;0.0538534686792815;0.0212318720532675;0.0170784164097735;0.00914402335549277;0.0207330050247713;0.339795700006562;0.0444435609719585
"STER_005-M-23-38-20140820";0.0547615963635406;0.0839885737322545;0.276767017677366;0.0803453016523104;0.0531917656002819;0.0208305752485545;0.0168215783781992;0.0087833188684927;0.0208397477078085;0.338914127178431;0.04475639759276
"STER_006-M-1-6-20140722";0.0616179799044781;0.113728771876687;0.269243168271489;0.0670071751626526;0.0486077110072179;0.0183127874483497;0.0150988515332962;0.00690205786414511;0.021047567823686;0.33177213209629;0.0466617970117085
"STER_006-M-22-32-20140820";0.0609486238769223;0.110603513046721;0.270172245049926;0.0681389503518427;0.0491495985554825;0.0185518064361256;0.0152570523056019;0.00706807814691885;0.0210661291638592;0.332607172650724;0.0464368304158754
"STER_006-M-30-37-20140820";0.061658910980408;0.114283236772278;0.269282956381892;0.0667714715470314;0.0485945783044483;0.0182765699418574;0.0150895846866517;0.00686421705147973;0.0211089428580016;0.331428704046103;0.0466408274298495
"STER_006-M-7-0-20140820";0.0603442021383557;0.107806349017018;0.271082735923592;0.0692891644087535;0.0494398484305787;0.0187311409377116;0.0154303821245568;0.00720535514517715;0.0210376883353457;0.33331823775589;0.0463148957830205
"STER_006-M-7-5-20140722";0.0610854309869578;0.111274583776198;0.2701004443171;0.0678926283068596;0.0489902473412971;0.0184885002310032;0.0152226569396399;0.00702366841514816;0.0210721167441272;0.332363311163386;0.0464864117782825
"STER_018-M-15-7-20140820";0.058187400935234;0.0980718560122894;0.273467710454075;0.0734125383469076;0.050963807745959;0.0195762177510567;0.0159564031522737;0.00777439261428571;0.0210099354167694;0.335850461520699;0.0457292760504507
"STER_018-M-4-7-20140820";0.0609928280752618;0.110959837014715;0.270196676230805;0.0680279757108842;0.0490259465760261;0.0185141270946061;0.015244419765261;0.00703634672175934;0.0210890409629612;0.332444168387505;0.0464686334602151
"STER_026-M-10-34-20140820";0.0594651579735815;0.103441512767772;0.272113773738001;0.0710921790050612;0.0500957283707455;0.0191251037127094;0.0156452860143959;0.00746477304193733;0.0209964543329945;0.334471880295197;0.0460881507476052
"STER_026-M-11-0-20140722";0.0607472784601567;0.109744602480532;0.270380298362387;0.0685059989583063;0.0492919209270397;0.0186227990235738;0.0153148966061429;0.00710592674181471;0.0210914258958636;0.332785501753156;0.0464093507910279
"STER_026-M-25-6-20140820";0.0610123271619231;0.111008043648533;0.27023165315027;0.0680252387771196;0.0490431277548709;0.0185223762996783;0.0152308107389801;0.00701073311990938;0.021094564741406;0.332360958346938;0.0464601662603712
"STER_026-M-27-36-20140722";0.060609245897789;0.109122411068411;0.27063130279272;0.0687029695319308;0.0493505755112479;0.0186607642952993;0.0153423048422557;0.0071281529049482;0.0210895540956605;0.332989429210866;0.046373289848872
"STER_026-M-30-5-20140723";0.0605510262511846;0.1087021737884;0.270454501348067;0.068934139739448;0.0494135581623667;0.0187094084620483;0.0153560134277345;0.00717372055484869;0.0210602621472209;0.333278803780788;0.0463663923378925
"STER_026-M-9-4-20140820";0.061635171407028;0.113988650362389;0.269295587722103;0.066859047683449;0.0487521587078815;0.0183216294638746;0.0150949579351979;0.00686269646078798;0.0211196512207358;0.331515296050499;0.0465551529860541
"STER_027-M-33-0-20140723";0.0572646425157737;0.0940153047222457;0.274245395812555;0.0752996438922661;0.0516124310237261;0.0199307162986678;0.0161869761668731;0.0080573213609231;0.0209564816925713;0.336934855645732;0.0454962308686663
"STER_028-M-20-40-20140722";0.0535495973600744;0.079483443903951;0.277367323955582;0.0828897200412989;0.0539335268126459;0.0212906641317111;0.0170945310662871;0.00918400997803191;0.0207134944999778;0.340078823814577;0.0444148644358634
"STER_028-M-21-38-20140722";0.0544683555669423;0.0829465013991375;0.277011190723425;0.0809169483027029;0.0533136517603383;0.0209412323578508;0.0168742651244242;0.00886981821414701;0.0208037965149231;0.339166818607001;0.0446874214291079
"STER_028-M-33-4-20140722";0.0567432210567616;0.091989852338861;0.274999350995458;0.0762511488617599;0.0518206837892871;0.020076293154349;0.0162958305515348;0.00819905162342096;0.0208767296449852;0.337365615089765;0.0453822228938178
"STER_033-M-23-30-20140723";0.0570369857946235;0.093069158670023;0.274606284214217;0.0757511225445388;0.0516539641606316;0.0199644754045488;0.0162396493680312;0.00813372244369473;0.0209050045333713;0.33716030521293;0.0454793276533896
"STER_033-M-30-38-20140723";0.0555969117664939;0.0873200647921039;0.275946016933027;0.0785858376963998;0.0526763116570779;0.0205178909091876;0.0165893432334838;0.00852423162619425;0.0208727168949766;0.338369855410988;0.0450008190800677
"STER_033-M-33-4-20140723";0.0522353871705955;0.0748312001877667;0.278462441843283;0.085710740809034;0.0546959762032841;0.0217778021366389;0.0174268180796582;0.00958954140990611;0.0206285716975849;0.340663922650973;0.043977597811275
"STER_034-M-19-30-20140723";0.0502881667276846;0.0681093072053718;0.279544170375399;0.0901556908810041;0.0557880918711468;0.022500874739765;0.017916952561797;0.0103119418449746;0.020409281858942;0.341649517483316;0.0433260044505991
"STER_035-M-33-17-20140723";0.0504502145105563;0.0685646202889434;0.279405414005473;0.0898039015860995;0.0558065900800877;0.02245646055413;0.0178910469787502;0.0102457903755837;0.0204514383637421;0.341561197634353;0.0433633256222806
"TALL_001-M-2-23-20140903";0.0604681082996393;0.24672891514467;0.151395754637322;0.0400179952365167;0.0434081872932597;0.0170512144271174;0.0133248577883405;0.00515657439241115;0.026451253277667;0.348085091030777;0.0479120484722788
"TALL_001-M-28-23-20140903";0.0612493625366215;0.259646561837843;0.148852760235582;0.0379818322823357;0.0420680735976052;0.0163936405294256;0.0128698166737756;0.00483319280338003;0.0261800690270042;0.342206528039425;0.0477181624370015
"TALL_001-O-2-23-20140903";0.0613848926236024;0.261949506873631;0.148282600114818;0.0376420352180336;0.0418443444706679;0.0162518882634454;0.0127758049615586;0.00477586879912735;0.0261393948710719;0.341251600066039;0.0477020637380053
"TALL_001-O-27-7-20140903";0.0643275462449215;0.335824439845201;0.132573210323125;0.0283366076224525;0.0349944834401874;0.0129853441401856;0.0104550566542648;0.00336319693250578;0.0243844632834754;0.306839744115634;0.0459159073980464
"TALL_001-O-28-23-20140903";0.0609176695120897;0.253874551972294;0.149978196380549;0.0388557966049191;0.0427348011806646;0.0167018975085235;0.0130744441542493;0.00495921028328731;0.026335380648015;0.344785412651806;0.0477826391036023
"TALL_002-M-36-24-20140903";0.0592803959747927;0.260516575996684;0.129304037682717;0.0410352643544969;0.0399592164291348;0.0185442434395974;0.0162895680476432;0.00559169551210333;0.0278118440758732;0.354604256679896;0.0470629018070612
"TALL_002-M-8-40-20140903";0.0584486927558999;0.245698451612604;0.131985524352882;0.0434088589021778;0.0413897233297403;0.0194013205538226;0.0169611424064475;0.00600461154008408;0.0281328619758787;0.361316587743418;0.0472522248270447
"TALL_002-M-8-8-20140903";0.058030011866966;0.23849968469479;0.133142574157074;0.0446713819975907;0.0420520515823715;0.019792973321234;0.0172819257540853;0.00624670557000402;0.0282174256576875;0.364728711574321;0.0473365538238763
"TALL_002-O-36-24-20140903";0.0579078079394039;0.23603620904957;0.133644622115769;0.0451345848276199;0.0421980546816284;0.0199282969512551;0.0173817440989109;0.00631918027577762;0.0281951013912034;0.365833867495097;0.0474205311737645
"TALL_004-M-16-36-20140903";0.0576764254446261;0.287375681337032;0.10229956359808;0.0405813687157664;0.0346510475664145;0.0201045663906977;0.0207392481873912;0.00598234145734478;0.0292802423947341;0.355855339970592;0.0454541749373209
"TALL_004-M-34-40-20140903";0.0591209027241798;0.327120137928044;0.0965510304567245;0.0349493040714895;0.0315918659720544;0.0178789784968848;0.018636873232431;0.00496941155178648;0.0282321638525478;0.336391160598066;0.0445581711157912
"TALL_004-M-38-6-20140903";0.0576358569448633;0.287078983848432;0.101916366779488;0.0406788136089281;0.0346818387000511;0.0201990627274676;0.020857968309527;0.00600598877755338;0.0292785614339144;0.356252232342015;0.04541432652776
"TALL_006-M-14-30-20140903";0.0572209701434112;0.224210090852795;0.137715087679486;0.0469198344096294;0.0438342882100556;0.0204386923115511;0.0175200066993472;0.00659078557650517;0.0283232262217868;0.369717075125431;0.0475099427700025
"TALL_006-M-14-6-20140903";0.0586984803941353;0.246227370908938;0.133792603599783;0.0430282541535369;0.0415994888891428;0.0191339174656531;0.0164966512754672;0.00590888249777751;0.0279047221978799;0.359884175659043;0.0473254529586436
"TALL_006-M-26-35-20140903";0.0573113557915949;0.225675242315448;0.137461618022141;0.0466359914257918;0.0436418214519325;0.0203598433134144;0.0174417875564027;0.00654178455485712;0.0282951773580444;0.369125033141432;0.047510345068941
"UNDE_001-M-22-32-20140708";0.064498944159324;0.212292813281334;0.163823842422403;0.0515763948727636;0.0311412998202745;0.0157557347911049;0.0177131682342302;0.00713388467435609;0.0201242787272949;0.362350345789334;0.053589293227581
"UNDE_001-M-7-0-20140708";0.0645248418671119;0.211566281819708;0.164226584895772;0.0517044214044044;0.0313115133429125;0.01582295805966;0.017656491369158;0.00714245231492579;0.0201588323460805;0.362318349945265;0.053567272635002
"UNDE_001-O-30-37-20140708";0.0644898059670539;0.212127855079068;0.163898415869747;0.0516279374453273;0.0311742944667983;0.0157831864743922;0.0176844502437443;0.00713222951171743;0.0201497008672814;0.362264160403187;0.0536679636716823
"UNDE_006-M-10-34-20140707";0.0613559140028148;0.179449222217732;0.170848536897706;0.0593664950746531;0.0337902744456097;0.0174965913130924;0.0192835883075449;0.00855083346270393;0.0203664677935377;0.375973204902825;0.0535188715817797
"UNDE_006-M-25-6-20140707";0.0613690713334615;0.179425438363687;0.171515207028957;0.0593065137327731;0.03384176294907;0.0174372956441805;0.019230619129586;0.00847790370194552;0.0204101412097172;0.375456029996893;0.0535300169097298
"UNDE_006-M-9-4-20140707";0.0614465013694706;0.180121278796057;0.170396257338017;0.0591991278128081;0.0336729810005471;0.0175201195672748;0.0193254366475779;0.00849094953086056;0.0204372526856153;0.375941202834597;0.0534488924171753
"UNDE_007-M-33-2-20140710";0.0627653743069569;0.194049444898185;0.168083409769564;0.0557793172598854;0.0325975526261009;0.0166745728123361;0.0185148668358929;0.00787386274244621;0.0202734010064547;0.369860253261922;0.0535279444802551
"UNDE_007-M-4-9-20140710";0.0628152204249829;0.195711410596125;0.167067111939782;0.0555904668554506;0.0325314232950965;0.016658813775297;0.0185811622790429;0.00783671544940375;0.0203373525148495;0.369396389564341;0.0534739333056283
"UNDE_008-M-15-7-20140707";0.0632562386558215;0.200227566002674;0.166212522383789;0.0545365773613224;0.0321740434737192;0.0164483464117717;0.0183475606984402;0.00766643973677189;0.0202411753128659;0.367329630488327;0.0535598994744972
"UNDE_008-M-33-11-20140707";0.0632724678957207;0.199311554513053;0.166922327114321;0.0546577276406092;0.0323066082545042;0.0164536654630907;0.0183142284618625;0.00769028658279178;0.0202652039966324;0.367306211794143;0.0534997182832711
"UNDE_008-M-4-7-20140707";0.0633515890462103;0.201245096111797;0.166327558159221;0.0543276816278657;0.0320614835268741;0.0163573897099876;0.0181809765298745;0.00764424996144186;0.0202094403092443;0.366784404980181;0.0535101300373021
"UNDE_013-M-2-0-20140708";0.0628002397566142;0.195675225059577;0.167189054326336;0.0556576546747062;0.0324753704994885;0.0166676329118996;0.0185828073965495;0.00783970493698056;0.0203464997831833;0.369265569253475;0.0535002414011898
"UNDE_013-M-39-30-20140708";0.0627847268801952;0.195397099417553;0.16735622016973;0.0556625048398295;0.0325052261749262;0.0166867600913661;0.0186153972766894;0.00785420461264835;0.0202918515475423;0.36927026268078;0.0535757463087397
"UNDE_013-M-8-11-20140708";0.0628114743935434;0.195205610219543;0.167444082996401;0.0556188819289945;0.0325639347643187;0.016723184030199;0.0185295643438492;0.00785536687069658;0.0203207255465202;0.369394172416302;0.0535330024896327
"UNDE_014-M-36-16-20140711";0.0626893858234246;0.194698302250385;0.167344297971637;0.0559913502596611;0.032471117607175;0.016734349259898;0.0186523066892954;0.00789987320461411;0.0202917063102149;0.369718900088395;0.0535084105352993
"UNDE_014-M-6-12-20140711";0.0628106786164965;0.195242350899951;0.167331602577266;0.0557363260710802;0.0324876714749701;0.0166630316607488;0.0185921033686561;0.00787820828437073;0.0202799779324112;0.369473599876147;0.0535044492379023
"UNDE_017-M-0-30-20140707";0.0630516643721477;0.196541218327251;0.167756229202099;0.0551087287169349;0.0324530969092191;0.0165336209153992;0.0183508942252049;0.0077280359041428;0.0202720484377616;0.368690164133102;0.0535142988567381
"UNDE_017-M-23-38-20140707";0.062970847603266;0.197231925348278;0.166335065626207;0.0552643386429273;0.0323406345860405;0.0166030172041338;0.0185618044693577;0.0077732983509946;0.0203046627213378;0.369050789903733;0.0535636155437249
"UNDE_019-M-23-30-20140708";0.0629018680521423;0.195342391689209;0.16740063827504;0.0556013631065975;0.0325422459152572;0.0166484747767488;0.0185663423185623;0.00785007143929575;0.0203276847149132;0.369321036167844;0.0534978835443904
"UNDE_019-M-30-38-20140708";0.0629573099890173;0.196310511510711;0.167078027487045;0.055467867925686;0.0323981889540696;0.016634866214397;0.0184731610437718;0.00780938957557583;0.0202541657422244;0.369063355915272;0.0535531556422296
"UNDE_019-M-33-4-20140708";0.0628044225312502;0.194486105817643;0.168396914995851;0.0557362920902657;0.0325660079138511;0.0166396656702608;0.0185035455520531;0.0078582226032012;0.0202890799011718;0.369161615734878;0.053558127189574
"UNDE_027-M-19-30-20140708";0.062787809435856;0.194455232952665;0.16832151375083;0.0557935384472695;0.0325900248505012;0.016675874293362;0.0184667027564704;0.00787034222717916;0.02027831977747;0.369184690362844;0.0535759511455531
"UNDE_027-M-23-8-20140708";0.0628121792182727;0.195367350723722;0.166955262266727;0.0557403028329352;0.0324355309179793;0.0167065199275204;0.0185718215338144;0.00788251476994787;0.0202696099672924;0.369664440726684;0.0535944671151045
"UNDE_027-M-31-3-20140708";0.0629520806215111;0.195324523772531;0.168038399531852;0.0555346362853252;0.0325748335285656;0.0166375576332109;0.0184418522088208;0.00783444525435204;0.0202824575511176;0.36882574287982;0.0535534707328929
"UNDE_032-M-2-27-20140708";0.0628626551129418;0.195356849862175;0.167083417169082;0.0556674719858825;0.0325088917252482;0.0166808086222938;0.0186066855464764;0.00788224628653124;0.0202973229449385;0.36954336427337;0.0535102864710608
"UNDE_034-M-28-34-20140715";0.0629436797141148;0.19520642712651;0.167968160368911;0.0557032863372198;0.0324918409137189;0.016619606140169;0.0184461458413301;0.00782930105593142;0.0202337331470416;0.369016253520003;0.0535415658350503
"UNDE_034-M-35-0-20140715";0.0628490786622413;0.195400871146901;0.167309819031591;0.0556313017705322;0.0325613956756691;0.0166940888151555;0.0185971146869959;0.00782771896102496;0.0203508942039252;0.369287473481556;0.0534902435644084
"UNDE_034-M-37-20-20140715";0.0629308951651095;0.196384169083612;0.166399401692143;0.0554882774047062;0.0323503176762152;0.0167163797199789;0.0186551774671759;0.00785706995434297;0.0203008656612309;0.369415601668119;0.0535018445073666
"UNDE_035-M-1-23-20140715";0.0628959903364063;0.196748416194485;0.166655965892444;0.0553962371428181;0.0323914684138114;0.0166079856906169;0.0186366303488055;0.00779669298850638;0.0203571512257334;0.368997227818103;0.0535162339482707
"UNDE_035-M-13-1-20140715";0.0628181110914498;0.195583847281879;0.166801587463905;0.0556509319452291;0.0324405538410891;0.0166951710556334;0.0186267794591671;0.00786348644093023;0.0203245955753021;0.369652991823039;0.0535419440223753
"UNDE_035-M-6-13-20140715";0.0627764573358384;0.194173069094433;0.16754259215468;0.0560036670274677;0.0325414941211441;0.0167141946907898;0.0185652078035996;0.00792084663924516;0.0202048901841873;0.369972944584277;0.0535846363643376
"UNDE_037-M-25-17-20140710";0.062814769152925;0.167137355164314;0.213062397232476;0.0549538793402426;0.0373612867934532;0.0149607048694075;0.013593154188249;0.00719819952951191;0.0184869752728906;0.356279887990507;0.0541513904660238
"UNDE_037-O-28-36-20140710";0.0627168621795569;0.166479924290361;0.213150442123367;0.0550989999718927;0.0373605390481489;0.0150096268749931;0.0136072343166291;0.00722704891018441;0.0184914562939525;0.356688736344532;0.0541691296463829
"UNDE_037-O-9-7-20140710";0.0626939127967294;0.166034169543536;0.213410849228518;0.0552548812943012;0.037501208709498;0.0150286453328045;0.0136447252359114;0.00724932473116224;0.0185078140287347;0.356548956571291;0.0541255125275133
"UNDE_043-M-17-38-20140710";0.0624377430896024;0.21594902029356;0.139135355515519;0.0555075266460835;0.0291369540636825;0.0178743416161218;0.022641116017863;0.00829766702616257;0.0214068256658775;0.374919262858439;0.0526941872070893
"UNDE_043-M-32-36-20140710";0.0623841461996029;0.216044241345117;0.139170495124709;0.0555988079742597;0.0291452197030179;0.0178417194572614;0.0225911406937508;0.00828923501849367;0.0214144718105212;0.374864350828997;0.0526561718442692
"UNDE_044-M-37-7-20140718";0.0621199574733226;0.223534393335375;0.129937953075374;0.0553362407698795;0.0278887228890534;0.018263421730602;0.0243039873962813;0.00844867911016556;0.0217804609423143;0.376081996628802;0.0523041866488311
"UNDE_044-O-37-7-20140718";0.0620560611492;0.223294045211253;0.129902729676817;0.0553387985937262;0.0279332238933824;0.0182997182118951;0.024323306304567;0.00845071758347405;0.0217989532159338;0.376327609289351;0.0522748368704003
