"";"other";"bacillus";"bradyrhizobium";"chthoniobacter";"devosia";"mycobacterium";"opitutus";"phenylobacterium";"pseudomonas";"rhodoplanes";"sphingomonas"
"BART_001-M-1-6-20140619";0.961883855517861;0.000598682897625224;0.00439034124925165;0.000199560965875075;0.00039912193175015;0.00039912193175015;0.00379165835162642;0.00039912193175015;0.000199560965875075;0.0275394132907603;0.000199560965875075
"BART_001-M-7-5-20140619";0.960486928756735;0.000598682897625224;0.0103771702255039;0.000798243863500299;0.000199560965875075;0.000598682897625224;0.000798243863500299;0.0015964877270006;0.000798243863500299;0.0235481939732588;0.000199560965875075
"BART_001-O-1-6-20140619";0.938934344442227;0.000199560965875075;0.0039912193175015;0.000798243863500299;0.000199560965875075;0.000798243863500299;0.00518858511275195;0.000199560965875075;0.000199560965875075;0.0492915585711435;0.000199560965875075
"BART_006-M-3-26-20140619";0.954500099780483;0.000798243863500299;0.00937936539612852;0.000199560965875075;0.000199560965875075;0.000598682897625224;0.000199560965875075;0.000199560965875075;0.0167631211335063;0.0169626820993814;0.000199560965875075
"BART_006-M-33-3-20140619";0.947515465974855;0.000997804829375374;0.018559169826382;0.000798243863500299;0.000199560965875075;0.00179604869287567;0.000598682897625224;0.0031929754540012;0.000199560965875075;0.0259429255637597;0.000199560965875075
"BART_006-O-33-3-20140619";0.94731590500898;0.00039912193175015;0.0123727798842546;0.00279385352225105;0.000199560965875075;0.00738375573737777;0.000997804829375374;0.00379165835162642;0.000199560965875075;0.0243464378367591;0.000199560965875075
"BART_028-M-33-4-20140619";0.9335461983636;0.000199560965875075;0.00997804829375374;0.00299341448812612;0.000199560965875075;0.000798243863500299;0.0023947315905009;0.00279385352225105;0.000199560965875075;0.0466972660147675;0.000199560965875075
"CPER_001-M-22-32-20140812";0.94771502694073;0.0163639992017561;0.0047894631810018;0.00219517062462582;0.0015964877270006;0.000199560965875075;0.0023947315905009;0.00119736579525045;0.000199560965875075;0.0191578527240072;0.00419078028337657
"CPER_001-M-30-37-20140812";0.952704051087607;0.00578726801037717;0.00858112153262822;0.000199560965875075;0.000598682897625224;0.000997804829375374;0.00439034124925165;0.00179604869287567;0.000798243863500299;0.0147675114747555;0.00937936539612852
"CPER_001-M-7-0-20140812";0.966274196767112;0.00139692676112552;0.00937936539612852;0.00219517062462582;0.000598682897625224;0.000798243863500299;0.00179604869287567;0.000997804829375374;0.000199560965875075;0.0113749750548793;0.00498902414687687
"CPER_002-M-10-34-20140812";0.96108561165436;0.0031929754540012;0.0101776092596288;0.0023947315905009;0.00199560965875075;0.00179604869287567;0.000598682897625224;0.000199560965875075;0.000199560965875075;0.0151666334065057;0.0031929754540012
"CPER_002-M-25-6-20140812";0.959289562961485;0.000199560965875075;0.0055877070445021;0.00419078028337657;0.00039912193175015;0.000997804829375374;0.00139692676112552;0.000798243863500299;0.000199560965875075;0.0255438036320096;0.00139692676112552
"CPER_002-M-9-4-20140812";0.975653562163241;0.000199560965875075;0.00878068249850329;0.000199560965875075;0.000199560965875075;0.00139692676112552;0.00139692676112552;0.000598682897625224;0.000199560965875075;0.0111754140890042;0.000199560965875075
"CPER_003-M-15-7-20140812";0.954899221712233;0.00359209738575135;0.00538814607862702;0.00139692676112552;0.00179604869287567;0.00119736579525045;0.00518858511275195;0.00139692676112552;0.00039912193175015;0.0201556575533826;0.00458990221512672
"CPER_003-M-33-11-20140812";0.948912392735981;0.0209539014168829;0.00658551187387747;0.000199560965875075;0.000997804829375374;0.0015964877270006;0.00179604869287567;0.000199560965875075;0.000199560965875075;0.0155657553382558;0.00299341448812612
"CPER_004-M-0-30-20140812";0.955697465575733;0.00937936539612852;0.0111754140890042;0.000598682897625224;0.0015964877270006;0.00179604869287567;0.0015964877270006;0.000997804829375374;0.00119736579525045;0.0143683895430054;0.0015964877270006
"CPER_004-M-16-7-20140812";0.942925563759729;0.000199560965875075;0.0109758531231291;0.00219517062462582;0.0023947315905009;0.0015964877270006;0.00538814607862702;0.00199560965875075;0.000199560965875075;0.0219517062462582;0.0101776092596288
"CPER_004-M-23-38-20140812";0.936340051885851;0.0303332668130114;0.00838156056675314;0.00339253641987627;0.000199560965875075;0.000997804829375374;0.00359209738575135;0.000199560965875075;0.00139692676112552;0.0139692676112552;0.00119736579525045
"DSNY_001-M-1-6-20140813";0.957892636200359;0.00279385352225105;0.000798243863500299;0.00039912193175015;0.000199560965875075;0.00359209738575135;0.000199560965875075;0.000997804829375374;0.00039912193175015;0.0325284374376372;0.000199560965875075
"DSNY_001-M-29-37-20140701";0.952903612053482;0.00538814607862702;0.00139692676112552;0.000199560965875075;0.000199560965875075;0.0039912193175015;0.0023947315905009;0.0023947315905009;0.00039912193175015;0.0305328277788865;0.000199560965875075
"DSNY_001-M-30-37-20140909";0.935940929954101;0.00439034124925165;0.00598682897625225;0.000199560965875075;0.000199560965875075;0.00359209738575135;0.00359209738575135;0.000199560965875075;0.000199560965875075;0.0381161444821393;0.00758331670325284
"DSNY_001-M-7-0-20140909";0.962881660347236;0.000199560965875075;0.00279385352225105;0.000199560965875075;0.000199560965875075;0.00379165835162642;0.000199560965875075;0.000199560965875075;0.000199560965875075;0.0291359010177609;0.000199560965875075
"DSNY_001-M-7-5-20140813";0.94691678307723;0.00518858511275195;0.00299341448812612;0.000199560965875075;0.000199560965875075;0.0047894631810018;0.00199560965875075;0.000199560965875075;0.000199560965875075;0.0371183396527639;0.000199560965875075
"DSNY_001-M-9-11-20140701";0.942925563759729;0.00259429255637597;0.0031929754540012;0.00119736579525045;0.000199560965875075;0.00798243863500299;0.000199560965875075;0.00139692676112552;0.000199560965875075;0.0375174615845141;0.00259429255637597
"DSNY_001-M-9-17-20140813";0.962482538415486;0.00119736579525045;0.000199560965875075;0.000598682897625224;0.000199560965875075;0.000798243863500299;0.0015964877270006;0.000199560965875075;0.00039912193175015;0.032129315505887;0.000199560965875075
"DSNY_002-M-10-34-20140910";0.952504490121732;0.00119736579525045;0.000199560965875075;0.000199560965875075;0.000199560965875075;0.00039912193175015;0.00119736579525045;0.000199560965875075;0.000199560965875075;0.0435042905607663;0.000199560965875075
"DSNY_002-M-11-0-20140813";0.951107563360607;0.00598682897625225;0.000199560965875075;0.000199560965875075;0.000199560965875075;0.00618638994212732;0.000199560965875075;0.000199560965875075;0.000199560965875075;0.0353222909598882;0.000199560965875075
"DSNY_002-M-27-36-20140813";0.970464977050489;0.0015964877270006;0.000598682897625224;0.000199560965875075;0.000199560965875075;0.000798243863500299;0.00199560965875075;0.000798243863500299;0.000997804829375374;0.0221512672121333;0.000199560965875075
"DSNY_002-M-30-5-20140813";0.938136100578727;0.000199560965875075;0.000199560965875075;0.000199560965875075;0.000199560965875075;0.00279385352225105;0.000199560965875075;0.0023947315905009;0.000598682897625224;0.0548792656156456;0.000199560965875075
"DSNY_002-M-9-4-20140910";0.949910197565356;0.000199560965875075;0.00279385352225105;0.000798243863500299;0.000199560965875075;0.00259429255637597;0.00199560965875075;0.000997804829375374;0.000199560965875075;0.04011175414089;0.000199560965875075
"DSNY_003-M-1-7-20140813";0.964478148074237;0.00299341448812612;0.0015964877270006;0.000199560965875075;0.000199560965875075;0.000199560965875075;0.000199560965875075;0.000199560965875075;0.000598682897625224;0.0291359010177609;0.000199560965875075
"DSNY_003-M-3-26-20140813";0.948912392735981;0.00119736579525045;0.00139692676112552;0.00039912193175015;0.000199560965875075;0.000798243863500299;0.00279385352225105;0.000199560965875075;0.000997804829375374;0.0429056076631411;0.000199560965875075
"DSNY_004-M-21-38-20140813";0.967471562562363;0.000199560965875075;0.000199560965875075;0.00039912193175015;0.000199560965875075;0.000997804829375374;0.000199560965875075;0.000199560965875075;0.000199560965875075;0.0297345839153862;0.000199560965875075
"DSNY_004-M-33-4-20140814";0.953502294951108;0.000199560965875075;0.00259429255637597;0.00119736579525045;0.000199560965875075;0.00139692676112552;0.00279385352225105;0.000997804829375374;0.000199560965875075;0.0367192177210138;0.000199560965875075
"DSNY_005-M-24-40-20140818";0.957293953302734;0.00199560965875075;0.000997804829375374;0.000798243863500299;0.000199560965875075;0.00219517062462582;0.00219517062462582;0.000997804829375374;0.00039912193175015;0.0327279984035123;0.000199560965875075
"DSNY_005-M-33-2-20140814";0.960886050688485;0.00039912193175015;0.0023947315905009;0.00179604869287567;0.000199560965875075;0.00578726801037717;0.000199560965875075;0.000199560965875075;0.000199560965875075;0.0277389742566354;0.000199560965875075
"DSNY_009-M-17-34-20140701";0.954699660746358;0.00199560965875075;0.00259429255637597;0.000199560965875075;0.000199560965875075;0.00119736579525045;0.00259429255637597;0.000199560965875075;0.00119736579525045;0.0349231690281381;0.000199560965875075
"DSNY_009-M-2-0-20140813";0.970065855118739;0.0015964877270006;0.000199560965875075;0.000199560965875075;0.000199560965875075;0.000997804829375374;0.000798243863500299;0.000199560965875075;0.000199560965875075;0.0253442426661345;0.000199560965875075
"DSNY_009-M-29-2-20140701";0.903612053482339;0.0456994611853921;0.00738375573737777;0.00119736579525045;0.000199560965875075;0.000199560965875075;0.000199560965875075;0.00179604869287567;0.000199560965875075;0.0393135102773897;0.000199560965875075
"DSNY_009-M-33-11-20140910";0.967272001596488;0.00219517062462582;0.000199560965875075;0.000199560965875075;0.000199560965875075;0.000997804829375374;0.000798243863500299;0.000199560965875075;0.000199560965875075;0.0275394132907603;0.000199560965875075
"DSNY_009-M-8-11-20140813";0.95988824585911;0.00618638994212732;0.000199560965875075;0.000199560965875075;0.000199560965875075;0.000199560965875075;0.00039912193175015;0.000199560965875075;0.000798243863500299;0.0315306326082618;0.000199560965875075
"DSNY_016-M-0-30-20140910";0.925962881660347;0.0367192177210138;0.0131710237477549;0.00279385352225105;0.000199560965875075;0.000598682897625224;0.00379165835162642;0.000199560965875075;0.00039912193175015;0.015964877270006;0.000199560965875075
"DSNY_016-M-12-7-20140701";0.949111953701856;0.00618638994212732;0.0109758531231291;0.00359209738575135;0.000199560965875075;0.0015964877270006;0.0023947315905009;0.000798243863500299;0.000199560965875075;0.0247455597685093;0.000199560965875075
"DSNY_016-M-16-7-20140910";0.935142686090601;0.0305328277788865;0.00937936539612852;0.00139692676112552;0.000199560965875075;0.000199560965875075;0.0015964877270006;0.000199560965875075;0.000199560965875075;0.0199560965875075;0.00119736579525045
"DSNY_016-M-3-37-20140813";0.949710636599481;0.0127719018160048;0.00419078028337657;0.000798243863500299;0.000199560965875075;0.000997804829375374;0.00259429255637597;0.00119736579525045;0.00039912193175015;0.0263420474955099;0.000798243863500299
"DSNY_016-M-35-24-20140701";0.937138295749351;0.0047894631810018;0.00498902414687687;0.000199560965875075;0.000199560965875075;0.00818199960087807;0.0055877070445021;0.000199560965875075;0.000199560965875075;0.0383157054480144;0.000199560965875075
"DSNY_016-M-36-16-20140813";0.960886050688485;0.00139692676112552;0.00458990221512672;0.000598682897625224;0.000199560965875075;0.00259429255637597;0.000199560965875075;0.000199560965875075;0.000199560965875075;0.0289363400518859;0.000199560965875075
"DSNY_016-M-5-26-20140701";0.91937736978647;0.0175613649970066;0.010776292157254;0.00439034124925165;0.000199560965875075;0.00179604869287567;0.00199560965875075;0.00219517062462582;0.000598682897625224;0.037317900618639;0.00379165835162642
"DSNY_016-M-6-12-20140813";0.946318100179605;0.0143683895430054;0.00658551187387747;0.000199560965875075;0.000199560965875075;0.00458990221512672;0.00458990221512672;0.000997804829375374;0.000199560965875075;0.0217521452803832;0.000199560965875075
"DSNY_043-M-18-37-20140814";0.949311514667731;0.0137697066453802;0.00259429255637597;0.00039912193175015;0.000199560965875075;0.00299341448812612;0.000798243863500299;0.000199560965875075;0.00039912193175015;0.0291359010177609;0.000199560965875075
"DSNY_043-M-2-27-20140814";0.956495709439234;0.00498902414687687;0.0023947315905009;0.00119736579525045;0.000199560965875075;0.000798243863500299;0.0015964877270006;0.00179604869287567;0.000199560965875075;0.0301337058471363;0.000199560965875075
"DSNY_043-M-33-17-20140814";0.946318100179605;0.00838156056675314;0.0039912193175015;0.00119736579525045;0.000199560965875075;0.00259429255637597;0.00199560965875075;0.00119736579525045;0.000199560965875075;0.0337258032328876;0.000199560965875075
"HARV_001-M-14-7-20140812";0.918180003991219;0.000199560965875075;0.0247455597685093;0.000199560965875075;0.000199560965875075;0.00219517062462582;0.00199560965875075;0.000199560965875075;0.000199560965875075;0.0516862901616444;0.000199560965875075
"HARV_001-M-15-1-20140812";0.941927758930353;0.000199560965875075;0.0199560965875075;0.000598682897625224;0.000199560965875075;0.00299341448812612;0.000798243863500299;0.00299341448812612;0.000199560965875075;0.0299341448812612;0.000199560965875075
"HARV_001-M-30-37-20140715";0.923368589103971;0.000199560965875075;0.0179604869287567;0.000199560965875075;0.000199560965875075;0.000199560965875075;0.00758331670325284;0.00359209738575135;0.0115745360207543;0.0349231690281381;0.000199560965875075
"HARV_001-M-39-16-20140812";0.958890441029735;0.00039912193175015;0.0117740969866294;0.000199560965875075;0.000199560965875075;0.0023947315905009;0.00219517062462582;0.000199560965875075;0.000199560965875075;0.0233486330073838;0.000199560965875075
"HARV_001-M-7-0-20140715";0.948513270804231;0.00119736579525045;0.0317301935741369;0.00039912193175015;0.00119736579525045;0.0047894631810018;0.00139692676112552;0.00119736579525045;0.000199560965875075;0.00858112153262822;0.000798243863500299
"HARV_001-O-14-7-20140812";0.921572540411096;0.00139692676112552;0.0207543404510078;0.00339253641987627;0.000199560965875075;0.00498902414687687;0.00259429255637597;0.0047894631810018;0.000199560965875075;0.0393135102773897;0.000798243863500299
"HARV_001-O-15-1-20140812";0.962682099381361;0.000798243863500299;0.0131710237477549;0.000199560965875075;0.000199560965875075;0.00458990221512672;0.00139692676112552;0.000199560965875075;0.000199560965875075;0.0147675114747555;0.00179604869287567
"HARV_002-M-24-40-20140716";0.930153661943724;0.000199560965875075;0.0217521452803832;0.00259429255637597;0.000199560965875075;0.00279385352225105;0.0015964877270006;0.000199560965875075;0.000598682897625224;0.0397126322091399;0.000199560965875075
"HARV_002-O-24-40-20140716";0.944322490520854;0.000798243863500299;0.0131710237477549;0.0031929754540012;0.000199560965875075;0.00798243863500299;0.00199560965875075;0.0039912193175015;0.000199560965875075;0.023947315905009;0.000199560965875075
"HARV_002-O-33-2-20140716";0.953302733985232;0.000199560965875075;0.0177609259628817;0.000199560965875075;0.000199560965875075;0.0047894631810018;0.00119736579525045;0.00299341448812612;0.000199560965875075;0.0189582917581321;0.000199560965875075
"HARV_002-O-4-9-20140716";0.949511075633606;0.00139692676112552;0.0123727798842546;0.00219517062462582;0.000199560965875075;0.0039912193175015;0.00039912193175015;0.00139692676112552;0.000199560965875075;0.0281380961883856;0.000199560965875075
"HARV_004-M-10-34-20140715";0.95909000199561;0.000199560965875075;0.0149670724406306;0.00199560965875075;0.000199560965875075;0.000798243863500299;0.00039912193175015;0.000199560965875075;0.000199560965875075;0.0217521452803832;0.000199560965875075
"HARV_004-M-19-1-20140812";0.954300538814608;0.000199560965875075;0.0113749750548793;0.000199560965875075;0.000199560965875075;0.000598682897625224;0.00119736579525045;0.000199560965875075;0.000199560965875075;0.0313310716423867;0.000199560965875075
"HARV_004-M-25-6-20140715";0.960486928756735;0.00219517062462582;0.00818199960087807;0.00199560965875075;0.000199560965875075;0.000997804829375374;0.000199560965875075;0.000199560965875075;0.000798243863500299;0.0245459988026342;0.000199560965875075
"HARV_004-M-3-28-20140812";0.958690880063859;0.0015964877270006;0.0111754140890042;0.00179604869287567;0.000199560965875075;0.000997804829375374;0.000199560965875075;0.000199560965875075;0.000798243863500299;0.0241468768708841;0.000199560965875075
"HARV_004-M-9-34-20140812";0.937337856715227;0.000997804829375374;0.031929754540012;0.000199560965875075;0.000798243863500299;0.00119736579525045;0.000199560965875075;0.000199560965875075;0.000798243863500299;0.0261424865296348;0.000199560965875075
"HARV_004-M-9-4-20140715";0.928756735182598;0.0119736579525045;0.0241468768708841;0.000199560965875075;0.000199560965875075;0.00199560965875075;0.000199560965875075;0.00259429255637597;0.000199560965875075;0.0295350229495111;0.000199560965875075
"HARV_004-O-10-34-20140715";0.891039712632209;0.000199560965875075;0.0419078028337657;0.00299341448812612;0.000199560965875075;0.0039912193175015;0.00219517062462582;0.0143683895430054;0.000199560965875075;0.0397126322091399;0.0031929754540012
"HARV_004-O-19-1-20140812";0.958690880063859;0.00119736579525045;0.00937936539612852;0.00279385352225105;0.000199560965875075;0.000798243863500299;0.0055877070445021;0.0023947315905009;0.000199560965875075;0.0181600478946318;0.000598682897625224
"HARV_004-O-25-6-20140715";0.936340051885851;0.000199560965875075;0.02674116942726;0.00419078028337657;0.000199560965875075;0.00419078028337657;0.00139692676112552;0.00878068249850329;0.000199560965875075;0.0175613649970066;0.000199560965875075
"HARV_004-O-3-28-20140812";0.951706246258232;0.000199560965875075;0.0235481939732588;0.00139692676112552;0.000199560965875075;0.00419078028337657;0.00199560965875075;0.0039912193175015;0.000997804829375374;0.0111754140890042;0.000598682897625224
"HARV_004-O-9-34-20140812";0.915386150468968;0.000798243863500299;0.029335461983636;0.00299341448812612;0.00379165835162642;0.0047894631810018;0.0015964877270006;0.00718419477150269;0.00139692676112552;0.0275394132907603;0.00518858511275195
"HARV_010-M-2-0-20140715";0.957693075234484;0.000199560965875075;0.018758730792257;0.000199560965875075;0.000199560965875075;0.00518858511275195;0.000199560965875075;0.000199560965875075;0.000598682897625224;0.0165635601676312;0.000199560965875075
"HARV_010-M-39-30-20140715";0.896826980642586;0.000997804829375374;0.0309319497106366;0.000199560965875075;0.000199560965875075;0.00179604869287567;0.00279385352225105;0.000199560965875075;0.000199560965875075;0.0656555577728996;0.000199560965875075
"HARV_010-M-8-11-20140715";0.966473757732987;0.00119736579525045;0.00858112153262822;0.000199560965875075;0.000199560965875075;0.00119736579525045;0.00139692676112552;0.00179604869287567;0.000199560965875075;0.018559169826382;0.000199560965875075
"HARV_010-O-2-0-20140715";0.920774296547595;0.000199560965875075;0.0381161444821393;0.00578726801037717;0.000199560965875075;0.0151666334065057;0.00279385352225105;0.00658551187387747;0.000199560965875075;0.00997804829375374;0.000199560965875075
"HARV_010-O-39-30-20140715";0.936938734783476;0.000199560965875075;0.0183596088605069;0.000997804829375374;0.000199560965875075;0.00359209738575135;0.00179604869287567;0.00359209738575135;0.000199560965875075;0.0291359010177609;0.00498902414687687
"HARV_010-O-8-11-20140715";0.924565954899222;0.000199560965875075;0.0247455597685093;0.00419078028337657;0.000199560965875075;0.00379165835162642;0.0063859509080024;0.0111754140890042;0.0015964877270006;0.0173618040311315;0.00578726801037717
"HARV_013-M-0-13-20140812";0.908800638595091;0.00259429255637597;0.0367192177210138;0.00119736579525045;0.000199560965875075;0.00199560965875075;0.00199560965875075;0.000598682897625224;0.000798243863500299;0.0449012173218918;0.000199560965875075
"HARV_013-M-14-6-20140812";0.964478148074237;0.000199560965875075;0.015964877270006;0.000199560965875075;0.000199560965875075;0.00179604869287567;0.000199560965875075;0.000798243863500299;0.000199560965875075;0.0157653163041309;0.000199560965875075
"HARV_013-M-15-7-20140717";0.964478148074237;0.00279385352225105;0.00838156056675314;0.000199560965875075;0.00279385352225105;0.00219517062462582;0.000199560965875075;0.000199560965875075;0.00039912193175015;0.0137697066453802;0.00458990221512672
"HARV_013-M-28-3-20140812";0.951307124326482;0.000199560965875075;0.0139692676112552;0.0015964877270006;0.000199560965875075;0.000199560965875075;0.00039912193175015;0.000199560965875075;0.000199560965875075;0.0313310716423867;0.00039912193175015
"HARV_013-M-4-7-20140717";0.899421273198962;0.0015964877270006;0.047894631810018;0.0063859509080024;0.000199560965875075;0.00299341448812612;0.000199560965875075;0.000199560965875075;0.000199560965875075;0.0407104370385153;0.000199560965875075
"HARV_013-O-0-13-20140812";0.945918978247855;0.000199560965875075;0.0151666334065057;0.00379165835162642;0.000199560965875075;0.00199560965875075;0.00259429255637597;0.00498902414687687;0.000199560965875075;0.0247455597685093;0.000199560965875075
"HARV_013-O-14-6-20140812";0.944721612452604;0.000997804829375374;0.00898024346437837;0.00419078028337657;0.000199560965875075;0.00119736579525045;0.00219517062462582;0.00518858511275195;0.00618638994212732;0.0259429255637597;0.000199560965875075
"HARV_013-O-15-7-20140717";0.954699660746358;0.000798243863500299;0.0123727798842546;0.00119736579525045;0.000199560965875075;0.000199560965875075;0.00199560965875075;0.0031929754540012;0.00039912193175015;0.0247455597685093;0.000199560965875075
"HARV_013-O-28-3-20140812";0.937736978646977;0.000199560965875075;0.0199560965875075;0.00458990221512672;0.000199560965875075;0.00139692676112552;0.00798243863500299;0.00299341448812612;0.000199560965875075;0.0243464378367591;0.00039912193175015
"HARV_013-O-33-11-20140716";0.929554979046099;0.0015964877270006;0.0215525843145081;0.000199560965875075;0.000199560965875075;0.000798243863500299;0.000997804829375374;0.000798243863500299;0.000199560965875075;0.0439034124925165;0.000199560965875075
"HARV_016-M-0-30-20140715";0.951706246258232;0.000199560965875075;0.00738375573737777;0.00119736579525045;0.000199560965875075;0.000598682897625224;0.0015964877270006;0.0023947315905009;0.00039912193175015;0.0339253641987627;0.00039912193175015
"HARV_016-M-16-7-20140715";0.964677709040112;0.00139692676112552;0.0123727798842546;0.000199560965875075;0.000199560965875075;0.000598682897625224;0.00119736579525045;0.0023947315905009;0.000199560965875075;0.0165635601676312;0.000199560965875075
"HARV_016-O-0-30-20140715";0.846138495310317;0.00139692676112552;0.0636599481141489;0.00299341448812612;0.000598682897625224;0.0031929754540012;0.000199560965875075;0.00698463380562762;0.000199560965875075;0.0726401915785272;0.00199560965875075
"HARV_016-O-16-7-20140715";0.899421273198962;0.00039912193175015;0.042706046697266;0.0055877070445021;0.000598682897625224;0.00379165835162642;0.0063859509080024;0.00758331670325284;0.000598682897625224;0.0315306326082618;0.00139692676112552
"HARV_020-M-12-33-20140812";0.949910197565356;0.000199560965875075;0.00658551187387747;0.000199560965875075;0.000199560965875075;0.00039912193175015;0.00219517062462582;0.000997804829375374;0.00039912193175015;0.0387148273797645;0.000199560965875075
"HARV_020-M-30-27-20140812";0.94611853921373;0.000798243863500299;0.010776292157254;0.000199560965875075;0.000199560965875075;0.000199560965875075;0.000598682897625224;0.00199560965875075;0.000199560965875075;0.0387148273797645;0.000199560965875075
"HARV_020-M-37-22-20140812";0.970065855118739;0.000199560965875075;0.00678507283975254;0.000199560965875075;0.000199560965875075;0.000199560965875075;0.000798243863500299;0.000798243863500299;0.000199560965875075;0.0203552185192576;0.000199560965875075
"HARV_020-O-12-33-20140812";0.888245859109958;0.000199560965875075;0.0472959489123927;0.000199560965875075;0.00259429255637597;0.000199560965875075;0.00419078028337657;0.00738375573737777;0.000199560965875075;0.0476950708441429;0.00179604869287567
"HARV_020-O-30-27-20140812";0.943723807623229;0.000199560965875075;0.0137697066453802;0.0039912193175015;0.00279385352225105;0.000199560965875075;0.00818199960087807;0.0015964877270006;0.000798243863500299;0.0193574136898823;0.00538814607862702
"HARV_020-O-37-22-20140812";0.886449810417082;0.000199560965875075;0.0433047295948912;0.00339253641987627;0.00119736579525045;0.000199560965875075;0.0031929754540012;0.00798243863500299;0.0015964877270006;0.0468968269806426;0.0055877070445021
"HARV_021-M-3-37-20140717";0.957493514268609;0.00199560965875075;0.0115745360207543;0.000199560965875075;0.000199560965875075;0.000997804829375374;0.000598682897625224;0.000199560965875075;0.000598682897625224;0.0259429255637597;0.000199560965875075
"HARV_021-M-36-16-20140717";0.909598882458591;0.000199560965875075;0.034723608062263;0.000199560965875075;0.000199560965875075;0.00818199960087807;0.000997804829375374;0.00977848732787867;0.000199560965875075;0.0357214128916384;0.000199560965875075
"HARV_021-M-6-12-20140717";0.943324685691479;0.000199560965875075;0.0245459988026342;0.000199560965875075;0.000199560965875075;0.000997804829375374;0.000199560965875075;0.000199560965875075;0.00139692676112552;0.0281380961883856;0.000598682897625224
"HARV_021-O-3-37-20140717";0.94571941728198;0.00299341448812612;0.0113749750548793;0.000997804829375374;0.000199560965875075;0.00299341448812612;0.000997804829375374;0.00119736579525045;0.000798243863500299;0.0325284374376372;0.000199560965875075
"HARV_021-O-36-16-20140717";0.951506685292357;0.000199560965875075;0.0157653163041309;0.000199560965875075;0.000199560965875075;0.0023947315905009;0.000199560965875075;0.00219517062462582;0.000199560965875075;0.0269407303931351;0.000199560965875075
"HARV_033-M-23-30-20140717";0.96028736779086;0.000199560965875075;0.00598682897625225;0.00039912193175015;0.000199560965875075;0.000598682897625224;0.000997804829375374;0.00219517062462582;0.000598682897625224;0.0283376571542606;0.000199560965875075
"HARV_033-M-30-38-20140717";0.970065855118739;0.000199560965875075;0.00498902414687687;0.000199560965875075;0.000199560965875075;0.00039912193175015;0.00139692676112552;0.000598682897625224;0.000199560965875075;0.0211534623827579;0.000598682897625224
"HARV_033-M-33-4-20140717";0.977050488924366;0.000199560965875075;0.00618638994212732;0.000199560965875075;0.000199560965875075;0.000997804829375374;0.0023947315905009;0.000199560965875075;0.000199560965875075;0.0121732189183796;0.000199560965875075
"HARV_033-O-23-30-20140717";0.944322490520854;0.000199560965875075;0.00878068249850329;0.00458990221512672;0.000199560965875075;0.0023947315905009;0.00678507283975254;0.0115745360207543;0.000199560965875075;0.0207543404510078;0.000199560965875075
"HARV_033-O-30-38-20140717";0.934544003192975;0.00039912193175015;0.0111754140890042;0.00498902414687687;0.000199560965875075;0.000798243863500299;0.00379165835162642;0.00518858511275195;0.000798243863500299;0.0369187786868888;0.00119736579525045
"HARV_034-M-23-8-20140717";0.962881660347236;0.000199560965875075;0.00698463380562762;0.0015964877270006;0.000199560965875075;0.00139692676112552;0.00039912193175015;0.000199560965875075;0.000199560965875075;0.0257433645978847;0.000199560965875075
"HARV_034-M-31-3-20140717";0.957493514268609;0.000199560965875075;0.00957892636200359;0.0015964877270006;0.000199560965875075;0.0015964877270006;0.000598682897625224;0.00219517062462582;0.000199560965875075;0.0261424865296348;0.000199560965875075
"HARV_034-O-19-30-20140717";0.944721612452604;0.000199560965875075;0.0103771702255039;0.00498902414687687;0.000199560965875075;0.00119736579525045;0.00538814607862702;0.00339253641987627;0.000199560965875075;0.0291359010177609;0.000199560965875075
"HARV_035-M-33-17-20140716";0.964278587108362;0.000199560965875075;0.0113749750548793;0.000798243863500299;0.000199560965875075;0.000598682897625224;0.000997804829375374;0.00139692676112552;0.000199560965875075;0.0197565356216324;0.000199560965875075
"HARV_035-O-18-37-20140717";0.943125124725604;0.000199560965875075;0.0055877070445021;0.0047894631810018;0.000199560965875075;0.0015964877270006;0.0127719018160048;0.00518858511275195;0.000199560965875075;0.0261424865296348;0.000199560965875075
"JERC_001-M-1-6-20140805";0.964677709040112;0.00199560965875075;0.00598682897625225;0.000199560965875075;0.000199560965875075;0.000199560965875075;0.000199560965875075;0.000199560965875075;0.000199560965875075;0.0253442426661345;0.000798243863500299
"JERC_001-M-17-34-20140710";0.956695270405109;0.00339253641987627;0.00738375573737777;0.000199560965875075;0.000598682897625224;0.000199560965875075;0.00199560965875075;0.00179604869287567;0.00039912193175015;0.026541608461385;0.000798243863500299
"JERC_001-M-29-2-20140710";0.936539612851726;0.01337058471363;0.0109758531231291;0.00199560965875075;0.000199560965875075;0.00119736579525045;0.00139692676112552;0.00199560965875075;0.000199560965875075;0.0311315106765117;0.000997804829375374
"JERC_001-M-7-5-20140805";0.950109758531231;0.00578726801037717;0.0055877070445021;0.00119736579525045;0.000199560965875075;0.000997804829375374;0.000798243863500299;0.00359209738575135;0.000199560965875075;0.0313310716423867;0.000199560965875075
"JERC_001-M-9-17-20140805";0.960087806824985;0.00698463380562762;0.00758331670325284;0.000199560965875075;0.000199560965875075;0.00139692676112552;0.000199560965875075;0.000598682897625224;0.000997804829375374;0.0215525843145081;0.000199560965875075
"JERC_002-M-11-0-20140805";0.957493514268609;0.000199560965875075;0.0123727798842546;0.00039912193175015;0.00039912193175015;0.00139692676112552;0.000199560965875075;0.0023947315905009;0.000199560965875075;0.0247455597685093;0.000199560965875075
"JERC_002-M-12-7-20140710";0.958092197166234;0.000199560965875075;0.00678507283975254;0.000798243863500299;0.000199560965875075;0.000798243863500299;0.0015964877270006;0.00139692676112552;0.000598682897625224;0.0287367790860108;0.000798243863500299
"JERC_002-M-27-36-20140805";0.964478148074237;0.000798243863500299;0.00858112153262822;0.000199560965875075;0.000199560965875075;0.000199560965875075;0.00179604869287567;0.00259429255637597;0.000199560965875075;0.0189582917581321;0.00199560965875075
"JERC_002-M-35-24-20140710";0.954699660746358;0.000199560965875075;0.0113749750548793;0.000199560965875075;0.000199560965875075;0.000798243863500299;0.0015964877270006;0.000199560965875075;0.000199560965875075;0.0303332668130114;0.000199560965875075
"JERC_003-M-1-7-20140805";0.958890441029735;0.000199560965875075;0.0123727798842546;0.000199560965875075;0.000199560965875075;0.0031929754540012;0.000199560965875075;0.00299341448812612;0.000199560965875075;0.021353023348633;0.000199560965875075
"JERC_003-M-3-26-20140805";0.971263220913989;0.00658551187387747;0.00538814607862702;0.000199560965875075;0.000199560965875075;0.000997804829375374;0.000199560965875075;0.00119736579525045;0.000199560965875075;0.0135701456795051;0.000199560965875075
"JERC_003-M-33-0-20140805";0.957493514268609;0.00458990221512672;0.00718419477150269;0.00179604869287567;0.000199560965875075;0.00199560965875075;0.000798243863500299;0.000199560965875075;0.000997804829375374;0.0245459988026342;0.000199560965875075
"JERC_005-M-24-40-20140805";0.963081221313111;0.00039912193175015;0.0127719018160048;0.000199560965875075;0.000199560965875075;0.00139692676112552;0.00039912193175015;0.00179604869287567;0.000199560965875075;0.0193574136898823;0.000199560965875075
"JERC_005-M-33-2-20140805";0.964079026142487;0.000997804829375374;0.00957892636200359;0.000997804829375374;0.000199560965875075;0.00199560965875075;0.000997804829375374;0.000997804829375374;0.000199560965875075;0.0193574136898823;0.000598682897625224
"JERC_005-M-4-9-20140805";0.949311514667731;0.00119736579525045;0.00937936539612852;0.000199560965875075;0.000199560965875075;0.00199560965875075;0.0023947315905009;0.00219517062462582;0.000199560965875075;0.0313310716423867;0.0015964877270006
"JERC_006-M-15-33-20140710";0.953502294951108;0.0015964877270006;0.00917980443025344;0.000997804829375374;0.000199560965875075;0.00179604869287567;0.00259429255637597;0.000997804829375374;0.000199560965875075;0.0285372181201357;0.00039912193175015
"JERC_006-M-2-0-20140805";0.922570345240471;0.00179604869287567;0.0205547794851327;0.000798243863500299;0.000199560965875075;0.00359209738575135;0.000199560965875075;0.0047894631810018;0.000199560965875075;0.0439034124925165;0.00139692676112552
"JERC_006-M-21-39-20140710";0.972261025743365;0.000199560965875075;0.0063859509080024;0.000199560965875075;0.000199560965875075;0.00119736579525045;0.00039912193175015;0.000199560965875075;0.000199560965875075;0.018559169826382;0.000199560965875075
"JERC_006-M-2-33-20140710";0.962482538415486;0.000199560965875075;0.00778287766912792;0.000598682897625224;0.000199560965875075;0.000997804829375374;0.00119736579525045;0.0015964877270006;0.000199560965875075;0.0245459988026342;0.000199560965875075
"JERC_006-M-39-30-20140805";0.962482538415486;0.000199560965875075;0.00838156056675314;0.000199560965875075;0.000199560965875075;0.000199560965875075;0.000199560965875075;0.000199560965875075;0.000199560965875075;0.0275394132907603;0.000199560965875075
"JERC_006-M-8-11-20140805";0.951706246258232;0.00139692676112552;0.00937936539612852;0.00139692676112552;0.000199560965875075;0.000598682897625224;0.000997804829375374;0.000598682897625224;0.000199560965875075;0.032129315505887;0.00139692676112552
"JERC_008-M-23-30-20140805";0.947914587906605;0.0101776092596288;0.00379165835162642;0.000199560965875075;0.00199560965875075;0.000199560965875075;0.000199560965875075;0.000798243863500299;0.000598682897625224;0.0339253641987627;0.000199560965875075
"JERC_008-M-33-4-20140805";0.957892636200359;0.000199560965875075;0.0117740969866294;0.000598682897625224;0.000199560965875075;0.00119736579525045;0.000199560965875075;0.00199560965875075;0.000199560965875075;0.0255438036320096;0.000199560965875075
"JERC_047-M-3-32-20140805";0.966074635801237;0.00299341448812612;0.00977848732787867;0.00139692676112552;0.000199560965875075;0.00179604869287567;0.000199560965875075;0.0015964877270006;0.000199560965875075;0.0155657553382558;0.000199560965875075
"JERC_047-M-36-16-20140805";0.966274196767112;0.00498902414687687;0.00917980443025344;0.000199560965875075;0.000199560965875075;0.000798243863500299;0.00139692676112552;0.000997804829375374;0.000199560965875075;0.0155657553382558;0.000199560965875075
"JERC_047-M-6-12-20140805";0.953901416882858;0.00139692676112552;0.00838156056675314;0.000199560965875075;0.000199560965875075;0.00199560965875075;0.00119736579525045;0.000199560965875075;0.000199560965875075;0.032129315505887;0.000199560965875075
"JERC_048-M-19-30-20140805";0.962083416483736;0.00279385352225105;0.00977848732787867;0.000199560965875075;0.000199560965875075;0.000798243863500299;0.000798243863500299;0.000997804829375374;0.000199560965875075;0.0209539014168829;0.00119736579525045
"JERC_048-M-27-8-20140805";0.965276391937737;0.00658551187387747;0.00818199960087807;0.000199560965875075;0.000199560965875075;0.000798243863500299;0.000798243863500299;0.00139692676112552;0.000199560965875075;0.0135701456795051;0.00279385352225105
"JERC_048-M-31-3-20140805";0.969666733186989;0.00339253641987627;0.00778287766912792;0.000199560965875075;0.000199560965875075;0.000598682897625224;0.00119736579525045;0.00199560965875075;0.000199560965875075;0.0145679505088805;0.000199560965875075
"JERC_049-M-18-17-20140805";0.949311514667731;0.00219517062462582;0.0123727798842546;0.00259429255637597;0.000199560965875075;0.000199560965875075;0.000199560965875075;0.0015964877270006;0.000199560965875075;0.0309319497106366;0.000199560965875075
"JERC_049-M-2-27-20140805";0.943723807623229;0.00039912193175015;0.00937936539612852;0.00179604869287567;0.000199560965875075;0.00259429255637597;0.000598682897625224;0.00119736579525045;0.000199560965875075;0.0391139493115147;0.000798243863500299
"ORNL_001-O-17-34-20140715";0.936340051885851;0.000199560965875075;0.0121732189183796;0.000199560965875075;0.000199560965875075;0.000199560965875075;0.00119736579525045;0.00498902414687687;0.000598682897625224;0.0437038515266414;0.000199560965875075
"ORNL_002-O-5-26-20140714";0.942127319896228;0.000199560965875075;0.0195569746557573;0.0023947315905009;0.000199560965875075;0.00279385352225105;0.00199560965875075;0.0039912193175015;0.000199560965875075;0.0223508281780084;0.00419078028337657
"ORNL_003-O-9-11-20140714";0.90720415086809;0.000199560965875075;0.0431051686290162;0.0055877070445021;0.000199560965875075;0.0047894631810018;0.00179604869287567;0.00598682897625225;0.000199560965875075;0.0295350229495111;0.00139692676112552
"ORNL_021-O-15-33-20140714";0.951506685292357;0.000798243863500299;0.00578726801037717;0.0055877070445021;0.000199560965875075;0.000997804829375374;0.00419078028337657;0.0039912193175015;0.00339253641987627;0.0207543404510078;0.00279385352225105
"ORNL_027-O-2-33-20140715";0.94731590500898;0.000199560965875075;0.00838156056675314;0.00119736579525045;0.00139692676112552;0.000199560965875075;0.00199560965875075;0.0039912193175015;0.0023947315905009;0.0327279984035123;0.000199560965875075
"ORNL_029-O-9-2-20140714";0.975653562163241;0.000997804829375374;0.00419078028337657;0.00439034124925165;0.000199560965875075;0.000199560965875075;0.000997804829375374;0.0015964877270006;0.00139692676112552;0.0101776092596288;0.000199560965875075
"ORNL_031-O-11-3-20140714";0.94771502694073;0.00299341448812612;0.00439034124925165;0.00359209738575135;0.000199560965875075;0.00139692676112552;0.00259429255637597;0.000199560965875075;0.00518858511275195;0.0273398523248853;0.00439034124925165
"ORNL_037-O-4-23-20140715";0.942526441827978;0.00119736579525045;0.0257433645978847;0.00498902414687687;0.000199560965875075;0.00139692676112552;0.000199560965875075;0.000997804829375374;0.000199560965875075;0.0195569746557573;0.00299341448812612
"ORNL_043-O-2-27-20140715";0.93394532029535;0.000199560965875075;0.0339253641987627;0.00538814607862702;0.000199560965875075;0.0039912193175015;0.00199560965875075;0.00518858511275195;0.000199560965875075;0.0137697066453802;0.00119736579525045
"OSBS_001-M-17-34-20140701";0.953103173019357;0.00439034124925165;0.0023947315905009;0.00179604869287567;0.000199560965875075;0.00119736579525045;0.00039912193175015;0.000199560965875075;0.000199560965875075;0.0359209738575135;0.000199560965875075
"OSBS_001-M-17-34-20140818";0.947914587906605;0.00199560965875075;0.00119736579525045;0.000798243863500299;0.000199560965875075;0.000798243863500299;0.000997804829375374;0.000199560965875075;0.000997804829375374;0.0447016563560168;0.000199560965875075
"OSBS_001-M-26-3-20140701";0.956894831370984;0.00179604869287567;0.00179604869287567;0.000598682897625224;0.000199560965875075;0.0039912193175015;0.00219517062462582;0.000199560965875075;0.000199560965875075;0.031929754540012;0.000199560965875075
"OSBS_001-M-26-3-20140818";0.941927758930353;0.00119736579525045;0.00738375573737777;0.000199560965875075;0.000199560965875075;0.00359209738575135;0.000997804829375374;0.000598682897625224;0.000798243863500299;0.0429056076631411;0.000199560965875075
"OSBS_001-M-29-2-20140701";0.961484733586111;0.0015964877270006;0.0031929754540012;0.000598682897625224;0.000199560965875075;0.00199560965875075;0.00039912193175015;0.000199560965875075;0.000199560965875075;0.0299341448812612;0.000199560965875075
"OSBS_001-M-29-2-20140818";0.956495709439234;0.0023947315905009;0.00199560965875075;0.00199560965875075;0.000199560965875075;0.00339253641987627;0.00119736579525045;0.000199560965875075;0.000199560965875075;0.0317301935741369;0.000199560965875075
"OSBS_002-M-12-7-20140701";0.957892636200359;0.000199560965875075;0.00718419477150269;0.0015964877270006;0.000199560965875075;0.0047894631810018;0.00199560965875075;0.00139692676112552;0.00039912193175015;0.0241468768708841;0.000199560965875075
"OSBS_002-M-12-7-20140818";0.955697465575733;0.00458990221512672;0.0129714627818799;0.00199560965875075;0.000199560965875075;0.00119736579525045;0.00039912193175015;0.00139692676112552;0.000199560965875075;0.0211534623827579;0.000199560965875075
"OSBS_002-M-35-24-20140701";0.930752344841349;0.00259429255637597;0.0157653163041309;0.0023947315905009;0.000199560965875075;0.00458990221512672;0.00299341448812612;0.000199560965875075;0.000199560965875075;0.04011175414089;0.000199560965875075
"OSBS_002-M-35-24-20140818";0.965475952903612;0.00139692676112552;0.00538814607862702;0.000199560965875075;0.000199560965875075;0.000997804829375374;0.000199560965875075;0.000199560965875075;0.0015964877270006;0.0241468768708841;0.000199560965875075
"OSBS_002-M-5-26-20140701";0.954500099780483;0.000199560965875075;0.0125723408501297;0.000199560965875075;0.000199560965875075;0.00139692676112552;0.000199560965875075;0.000199560965875075;0.000199560965875075;0.0301337058471363;0.000199560965875075
"OSBS_003-M-17-9-20140701";0.948712831770106;0.00119736579525045;0.00778287766912792;0.000997804829375374;0.000199560965875075;0.0015964877270006;0.00119736579525045;0.00039912193175015;0.000199560965875075;0.0375174615845141;0.000199560965875075
"OSBS_003-M-17-9-20140818";0.944322490520854;0.00139692676112552;0.0147675114747555;0.00259429255637597;0.000199560965875075;0.00119736579525045;0.000199560965875075;0.00179604869287567;0.000598682897625224;0.032129315505887;0.000798243863500299
"OSBS_003-M-29-37-20140701";0.95988824585911;0.000199560965875075;0.010776292157254;0.00119736579525045;0.000199560965875075;0.00279385352225105;0.000997804829375374;0.000199560965875075;0.000598682897625224;0.0229495110756336;0.000199560965875075
"OSBS_003-M-29-37-20140818";0.957892636200359;0.00259429255637597;0.00698463380562762;0.00139692676112552;0.000199560965875075;0.00119736579525045;0.000199560965875075;0.000199560965875075;0.000598682897625224;0.0285372181201357;0.000199560965875075
"OSBS_003-M-9-11-20140701";0.939732588305727;0.00139692676112552;0.0063859509080024;0.000199560965875075;0.000199560965875075;0.00179604869287567;0.000798243863500299;0.0015964877270006;0.000199560965875075;0.0474955098782678;0.000199560965875075
"OSBS_003-M-9-11-20140818";0.949111953701856;0.00139692676112552;0.00758331670325284;0.000199560965875075;0.00139692676112552;0.00139692676112552;0.00199560965875075;0.0023947315905009;0.000199560965875075;0.0335262422670126;0.000798243863500299
"OSBS_022-M-15-33-20140701";0.976052684094991;0.00119736579525045;0.00119736579525045;0.00119736579525045;0.000199560965875075;0.000798243863500299;0.00119736579525045;0.000199560965875075;0.000199560965875075;0.0175613649970066;0.000199560965875075
"OSBS_022-M-21-39-20140701";0.975454001197366;0.000997804829375374;0.00199560965875075;0.000199560965875075;0.000199560965875075;0.000199560965875075;0.000199560965875075;0.000199560965875075;0.000798243863500299;0.0195569746557573;0.000199560965875075
"OSBS_022-M-2-33-20140701";0.964278587108362;0.000199560965875075;0.0039912193175015;0.00139692676112552;0.000199560965875075;0.000199560965875075;0.000199560965875075;0.000199560965875075;0.000199560965875075;0.0289363400518859;0.000199560965875075
"SCBI_002-M-1-6-20140715";0.955298343643983;0.00299341448812612;0.00698463380562762;0.000199560965875075;0.000798243863500299;0.000598682897625224;0.00139692676112552;0.000997804829375374;0.000798243863500299;0.0289363400518859;0.000997804829375374
"SCBI_002-M-26-3-20140618";0.955497904609858;0.000199560965875075;0.00598682897625225;0.0047894631810018;0.000199560965875075;0.000199560965875075;0.00139692676112552;0.000199560965875075;0.00219517062462582;0.0291359010177609;0.000199560965875075
"SCBI_002-M-7-5-20140715";0.957892636200359;0.000199560965875075;0.00419078028337657;0.00259429255637597;0.000199560965875075;0.00119736579525045;0.0015964877270006;0.000798243863500299;0.00279385352225105;0.0283376571542606;0.000199560965875075
"SCBI_002-M-9-17-20140715";0.943723807623229;0.000199560965875075;0.00379165835162642;0.00339253641987627;0.000199560965875075;0.000798243863500299;0.00139692676112552;0.00439034124925165;0.00119736579525045;0.0383157054480144;0.00259429255637597
"SCBI_003-M-11-0-20140715";0.934144881261225;0.000199560965875075;0.0155657553382558;0.00279385352225105;0.000199560965875075;0.000798243863500299;0.000199560965875075;0.0023947315905009;0.00219517062462582;0.0381161444821393;0.00339253641987627
"SCBI_003-M-13-6-20140618";0.957293953302734;0.00199560965875075;0.00578726801037717;0.00119736579525045;0.000798243863500299;0.00139692676112552;0.00139692676112552;0.000199560965875075;0.0023947315905009;0.0273398523248853;0.000199560965875075
"SCBI_003-M-27-36-20140715";0.952704051087607;0.00179604869287567;0.00937936539612852;0.00139692676112552;0.000199560965875075;0.000798243863500299;0.000199560965875075;0.000199560965875075;0.0023947315905009;0.0307323887447615;0.000199560965875075
"SCBI_003-M-30-5-20140715";0.943923368589104;0.000199560965875075;0.0201556575533826;0.000199560965875075;0.000199560965875075;0.00119736579525045;0.000199560965875075;0.00179604869287567;0.000798243863500299;0.0311315106765117;0.000199560965875075
"SCBI_003-M-35-24-20140618";0.948313709838356;0.000997804829375374;0.00778287766912792;0.00299341448812612;0.000199560965875075;0.00039912193175015;0.00119736579525045;0.000199560965875075;0.00179604869287567;0.0331271203352624;0.00299341448812612
"SCBI_003-M-5-26-20140618";0.967272001596488;0.000199560965875075;0.00379165835162642;0.00419078028337657;0.000997804829375374;0.00039912193175015;0.00179604869287567;0.000798243863500299;0.00119736579525045;0.0191578527240072;0.000199560965875075
"SCBI_006-M-15-7-20140827";0.969267611255239;0.00039912193175015;0.00518858511275195;0.00219517062462582;0.000199560965875075;0.000199560965875075;0.00119736579525045;0.00179604869287567;0.000598682897625224;0.015964877270006;0.00299341448812612
"SCBI_006-M-1-7-20140715";0.973059269606865;0.000199560965875075;0.00458990221512672;0.00279385352225105;0.000199560965875075;0.000199560965875075;0.00139692676112552;0.000798243863500299;0.00179604869287567;0.0131710237477549;0.00179604869287567
"SCBI_006-M-17-9-20140618";0.977050488924366;0.000598682897625224;0.00279385352225105;0.00339253641987627;0.000199560965875075;0.00039912193175015;0.00139692676112552;0.000997804829375374;0.00119736579525045;0.0117740969866294;0.000199560965875075
"SCBI_006-M-27-2-20140715";0.965276391937737;0.000798243863500299;0.00578726801037717;0.0023947315905009;0.000798243863500299;0.000598682897625224;0.00139692676112552;0.000199560965875075;0.0015964877270006;0.0199560965875075;0.00119736579525045
"SCBI_006-M-29-37-20140618";0.958291758132109;0.00818199960087807;0.00498902414687687;0.0023947315905009;0.000798243863500299;0.000199560965875075;0.00139692676112552;0.00139692676112552;0.0031929754540012;0.0173618040311315;0.00179604869287567
"SCBI_006-M-3-26-20140715";0.971861903811614;0.000199560965875075;0.00538814607862702;0.00119736579525045;0.000199560965875075;0.000199560965875075;0.000997804829375374;0.00199560965875075;0.00259429255637597;0.0129714627818799;0.0023947315905009
"SCBI_006-M-33-11-20140826";0.977449610856117;0.0031929754540012;0.00299341448812612;0.00119736579525045;0.000199560965875075;0.000997804829375374;0.000199560965875075;0.000798243863500299;0.000199560965875075;0.0125723408501297;0.000199560965875075
"SCBI_006-M-4-7-20140826";0.953701855916983;0.0039912193175015;0.00778287766912792;0.00718419477150269;0.000199560965875075;0.000798243863500299;0.000997804829375374;0.00139692676112552;0.000997804829375374;0.0219517062462582;0.000997804829375374
"SCBI_006-M-9-11-20140618";0.960087806824985;0.00119736579525045;0.0055877070445021;0.00259429255637597;0.000199560965875075;0.000199560965875075;0.000199560965875075;0.00259429255637597;0.000598682897625224;0.026541608461385;0.000199560965875075
"SCBI_012-M-0-30-20140825";0.959289562961485;0.00299341448812612;0.00818199960087807;0.000199560965875075;0.000199560965875075;0.00119736579525045;0.00139692676112552;0.00119736579525045;0.00259429255637597;0.0209539014168829;0.00179604869287567
"SCBI_012-M-15-33-20140618";0.957094392336859;0.00179604869287567;0.00718419477150269;0.00578726801037717;0.000199560965875075;0.000199560965875075;0.0015964877270006;0.000199560965875075;0.00259429255637597;0.0193574136898823;0.0039912193175015
"SCBI_012-M-16-7-20140825";0.967072440630613;0.000997804829375374;0.0055877070445021;0.00139692676112552;0.000199560965875075;0.000199560965875075;0.000997804829375374;0.000997804829375374;0.00339253641987627;0.0179604869287567;0.00119736579525045
"SCBI_012-M-21-38-20140715";0.957693075234484;0.000199560965875075;0.00838156056675314;0.00299341448812612;0.000199560965875075;0.000798243863500299;0.00179604869287567;0.0015964877270006;0.00279385352225105;0.0207543404510078;0.00279385352225105
"SCBI_012-M-21-39-20140618";0.955298343643983;0.000798243863500299;0.00838156056675314;0.00379165835162642;0.000598682897625224;0.00039912193175015;0.0015964877270006;0.00219517062462582;0.00339253641987627;0.0215525843145081;0.00199560965875075
"SCBI_012-M-23-28-20140825";0.955497904609858;0.000798243863500299;0.0117740969866294;0.00199560965875075;0.000199560965875075;0.000997804829375374;0.000199560965875075;0.00139692676112552;0.00139692676112552;0.0241468768708841;0.0015964877270006
"SCBI_012-M-2-33-20140618";0.949111953701856;0.00219517062462582;0.00618638994212732;0.00518858511275195;0.000598682897625224;0.00119736579525045;0.00259429255637597;0.00219517062462582;0.000997804829375374;0.0255438036320096;0.00419078028337657
"SCBI_012-M-33-4-20140715";0.944122929554979;0.00359209738575135;0.00957892636200359;0.00738375573737777;0.00119736579525045;0.00259429255637597;0.00199560965875075;0.00359209738575135;0.00359209738575135;0.0189582917581321;0.00339253641987627
"SCBI_033-M-36-16-20140826";0.957493514268609;0.00279385352225105;0.00898024346437837;0.000199560965875075;0.000199560965875075;0.000199560965875075;0.000199560965875075;0.00199560965875075;0.000997804829375374;0.0259429255637597;0.000997804829375374
"SCBI_033-M-4-38-20140826";0.939732588305727;0.00259429255637597;0.0119736579525045;0.00339253641987627;0.00039912193175015;0.0023947315905009;0.0015964877270006;0.00199560965875075;0.0031929754540012;0.0305328277788865;0.00219517062462582
"SCBI_033-M-6-12-20140826";0.938734783476352;0.0131710237477549;0.00898024346437837;0.0031929754540012;0.000199560965875075;0.000997804829375374;0.000798243863500299;0.0015964877270006;0.000997804829375374;0.029335461983636;0.00199560965875075
"SCBI_045-M-23-30-20140825";0.926761125523847;0.00279385352225105;0.0141688285771303;0.00818199960087807;0.000199560965875075;0.00219517062462582;0.000997804829375374;0.00359209738575135;0.00299341448812612;0.0363200957892636;0.00179604869287567
"SCBI_045-M-30-38-20140825";0.950309319497106;0.00279385352225105;0.00718419477150269;0.000199560965875075;0.000199560965875075;0.000199560965875075;0.00119736579525045;0.000798243863500299;0.00219517062462582;0.0335262422670126;0.00139692676112552
"STER_005-M-0-30-20140820";0.970664538016364;0.000997804829375374;0.00379165835162642;0.00379165835162642;0.00199560965875075;0.00039912193175015;0.0055877070445021;0.000598682897625224;0.000798243863500299;0.0111754140890042;0.000199560965875075
"STER_005-M-16-7-20140820";0.971662342845739;0.00179604869287567;0.0039912193175015;0.000199560965875075;0.00259429255637597;0.000199560965875075;0.00299341448812612;0.00219517062462582;0.000798243863500299;0.010576731191379;0.00299341448812612
"STER_005-M-23-38-20140820";0.956894831370984;0.00279385352225105;0.00518858511275195;0.00139692676112552;0.00139692676112552;0.000997804829375374;0.00379165835162642;0.0023947315905009;0.000199560965875075;0.0195569746557573;0.00538814607862702
"STER_006-M-1-6-20140722";0.962881660347236;0.00458990221512672;0.0055877070445021;0.000798243863500299;0.000997804829375374;0.000798243863500299;0.00339253641987627;0.00179604869287567;0.00039912193175015;0.0121732189183796;0.00658551187387747
"STER_006-M-22-32-20140820";0.952304929155857;0.0039912193175015;0.0117740969866294;0.00139692676112552;0.0023947315905009;0.000199560965875075;0.00299341448812612;0.0015964877270006;0.000199560965875075;0.018559169826382;0.00458990221512672
"STER_006-M-30-37-20140820";0.956296148473359;0.00439034124925165;0.0111754140890042;0.00119736579525045;0.00179604869287567;0.00119736579525045;0.00219517062462582;0.000199560965875075;0.000199560965875075;0.0131710237477549;0.00818199960087807
"STER_006-M-7-0-20140820";0.957293953302734;0.00538814607862702;0.00798243863500299;0.00279385352225105;0.000199560965875075;0.000199560965875075;0.00179604869287567;0.00119736579525045;0.000199560965875075;0.0179604869287567;0.00498902414687687
"STER_006-M-7-5-20140722";0.969068050289363;0.00299341448812612;0.0055877070445021;0.00179604869287567;0.000199560965875075;0.000798243863500299;0.00359209738575135;0.00179604869287567;0.000199560965875075;0.00957892636200359;0.00439034124925165
"STER_018-M-15-7-20140820";0.958092197166234;0.00199560965875075;0.00518858511275195;0.00538814607862702;0.000199560965875075;0.000199560965875075;0.00678507283975254;0.00359209738575135;0.000598682897625224;0.0103771702255039;0.00758331670325284
"STER_018-M-4-7-20140820";0.95948912392736;0.00299341448812612;0.00658551187387747;0.00219517062462582;0.0015964877270006;0.00039912193175015;0.00458990221512672;0.00219517062462582;0.00259429255637597;0.0127719018160048;0.00458990221512672
"STER_026-M-10-34-20140820";0.976052684094991;0.00498902414687687;0.00379165835162642;0.000199560965875075;0.000997804829375374;0.000798243863500299;0.0023947315905009;0.000199560965875075;0.00039912193175015;0.00937936539612852;0.000798243863500299
"STER_026-M-11-0-20140722";0.963679904210736;0.00439034124925165;0.00419078028337657;0.00259429255637597;0.000997804829375374;0.00039912193175015;0.0023947315905009;0.00119736579525045;0.0101776092596288;0.00798243863500299;0.00199560965875075
"STER_026-M-25-6-20140820";0.976451806026741;0.0023947315905009;0.00498902414687687;0.000199560965875075;0.000798243863500299;0.000199560965875075;0.0023947315905009;0.000199560965875075;0.000199560965875075;0.00997804829375374;0.00219517062462582
"STER_026-M-27-36-20140722";0.951706246258232;0.00917980443025344;0.0055877070445021;0.000199560965875075;0.00179604869287567;0.000199560965875075;0.00379165835162642;0.00259429255637597;0.00179604869287567;0.0145679505088805;0.00858112153262822
"STER_026-M-30-5-20140723";0.956695270405109;0.00379165835162642;0.00598682897625225;0.00419078028337657;0.0023947315905009;0.000598682897625224;0.00279385352225105;0.0031929754540012;0.000798243863500299;0.0109758531231291;0.00858112153262822
"STER_026-M-9-4-20140820";0.968469367391738;0.00578726801037717;0.00618638994212732;0.000598682897625224;0.000199560965875075;0.000199560965875075;0.00419078028337657;0.00219517062462582;0.000199560965875075;0.00718419477150269;0.0047894631810018
"STER_027-M-33-0-20140723";0.961484733586111;0.0031929754540012;0.00598682897625225;0.00419078028337657;0.000199560965875075;0.000199560965875075;0.00339253641987627;0.00279385352225105;0.000199560965875075;0.0119736579525045;0.0063859509080024
"STER_028-M-20-40-20140722";0.962282977449611;0.00917980443025344;0.00598682897625225;0.00199560965875075;0.0015964877270006;0.000199560965875075;0.00299341448812612;0.0015964877270006;0.000199560965875075;0.00977848732787867;0.00419078028337657
"STER_028-M-21-38-20140722";0.969666733186989;0.00898024346437837;0.00299341448812612;0.000997804829375374;0.000199560965875075;0.000199560965875075;0.00419078028337657;0.000997804829375374;0.000199560965875075;0.00718419477150269;0.00439034124925165
"STER_028-M-33-4-20140722";0.961285172620235;0.00778287766912792;0.00419078028337657;0.00179604869287567;0.000199560965875075;0.000997804829375374;0.00279385352225105;0.00179604869287567;0.00039912193175015;0.0113749750548793;0.00738375573737777
"STER_033-M-23-30-20140723";0.968868489323488;0.00199560965875075;0.00419078028337657;0.00199560965875075;0.000199560965875075;0.000997804829375374;0.00379165835162642;0.000199560965875075;0.000798243863500299;0.00898024346437837;0.00798243863500299
"STER_033-M-30-38-20140723";0.966872879664738;0.00618638994212732;0.00359209738575135;0.00279385352225105;0.00179604869287567;0.00039912193175015;0.00259429255637597;0.000798243863500299;0.000598682897625224;0.00858112153262822;0.00578726801037717
"STER_033-M-33-4-20140723";0.967272001596488;0.00618638994212732;0.0023947315905009;0.00439034124925165;0.000199560965875075;0.000199560965875075;0.00439034124925165;0.000997804829375374;0.000199560965875075;0.00957892636200359;0.00419078028337657
"STER_034-M-19-30-20140723";0.974655757333865;0.000199560965875075;0.00139692676112552;0.000199560965875075;0.00219517062462582;0.000199560965875075;0.00279385352225105;0.000199560965875075;0.000199560965875075;0.00678507283975254;0.0111754140890042
"STER_035-M-33-17-20140723";0.973059269606865;0.00179604869287567;0.00179604869287567;0.0023947315905009;0.00139692676112552;0.000798243863500299;0.00279385352225105;0.000798243863500299;0.000199560965875075;0.00898024346437837;0.00598682897625225
"TALL_001-M-2-23-20140903";0.942127319896228;0.000199560965875075;0.0259429255637597;0.000598682897625224;0.000199560965875075;0.00279385352225105;0.000199560965875075;0.00419078028337657;0.000199560965875075;0.0233486330073838;0.000199560965875075
"TALL_001-M-28-23-20140903";0.960886050688485;0.000598682897625224;0.0153661943723808;0.000199560965875075;0.000199560965875075;0.00119736579525045;0.000199560965875075;0.0023947315905009;0.000199560965875075;0.018559169826382;0.000199560965875075
"TALL_001-O-2-23-20140903";0.87926561564558;0.000199560965875075;0.0658551187387747;0.00518858511275195;0.00199560965875075;0.00937936539612852;0.000798243863500299;0.00798243863500299;0.000598682897625224;0.0217521452803832;0.00698463380562762
"TALL_001-O-27-7-20140903";0.938335661544602;0.000199560965875075;0.00838156056675314;0.00498902414687687;0.000199560965875075;0.00219517062462582;0.00139692676112552;0.000199560965875075;0.000199560965875075;0.0437038515266414;0.000199560965875075
"TALL_001-O-28-23-20140903";0.927758930353223;0.000199560965875075;0.0351227299940132;0.00199560965875075;0.00039912193175015;0.00458990221512672;0.000199560965875075;0.00618638994212732;0.000199560965875075;0.0223508281780084;0.000997804829375374
"TALL_002-M-36-24-20140903";0.917581321093594;0.000199560965875075;0.0472959489123927;0.00179604869287567;0.000199560965875075;0.00219517062462582;0.000199560965875075;0.00718419477150269;0.000997804829375374;0.0217521452803832;0.000598682897625224
"TALL_002-M-8-40-20140903";0.964877270005987;0.00139692676112552;0.0157653163041309;0.000199560965875075;0.000199560965875075;0.000598682897625224;0.000199560965875075;0.000199560965875075;0.000199560965875075;0.0153661943723808;0.000997804829375374
"TALL_002-M-8-8-20140903";0.935342247056476;0.000598682897625224;0.0199560965875075;0.00299341448812612;0.000199560965875075;0.00339253641987627;0.000199560965875075;0.00359209738575135;0.00039912193175015;0.0327279984035123;0.000598682897625224
"TALL_002-O-36-24-20140903";0.8670923967272;0.000199560965875075;0.0648573139093993;0.00538814607862702;0.00299341448812612;0.00419078028337657;0.00179604869287567;0.00778287766912792;0.000199560965875075;0.04011175414089;0.00538814607862702
"TALL_004-M-16-36-20140903";0.957693075234484;0.000199560965875075;0.0175613649970066;0.0015964877270006;0.000199560965875075;0.00219517062462582;0.000199560965875075;0.00279385352225105;0.000199560965875075;0.0171622430652564;0.000199560965875075
"TALL_004-M-34-40-20140903";0.9343444422271;0.000199560965875075;0.0289363400518859;0.00119736579525045;0.000199560965875075;0.00259429255637597;0.000199560965875075;0.0039912193175015;0.00039912193175015;0.0277389742566354;0.000199560965875075
"TALL_004-M-38-6-20140903";0.936539612851726;0.000199560965875075;0.0247455597685093;0.00039912193175015;0.000199560965875075;0.00379165835162642;0.000798243863500299;0.00139692676112552;0.000199560965875075;0.0299341448812612;0.00179604869287567
"TALL_006-M-14-30-20140903";0.922769906206346;0.000798243863500299;0.0315306326082618;0.000798243863500299;0.000199560965875075;0.000997804829375374;0.00139692676112552;0.0015964877270006;0.00139692676112552;0.0375174615845141;0.000997804829375374
"TALL_006-M-14-6-20140903";0.904609858311714;0.000199560965875075;0.0516862901616444;0.000199560965875075;0.000199560965875075;0.00359209738575135;0.000199560965875075;0.00439034124925165;0.000199560965875075;0.0345240470963879;0.000199560965875075
"TALL_006-M-26-35-20140903";0.935741368988226;0.00219517062462582;0.0277389742566354;0.000997804829375374;0.000199560965875075;0.0015964877270006;0.000199560965875075;0.00299341448812612;0.000199560965875075;0.0279385352225105;0.000199560965875075
"UNDE_001-M-22-32-20140708";0.964278587108362;0.000199560965875075;0.00518858511275195;0.000199560965875075;0.000199560965875075;0.00139692676112552;0.0015964877270006;0.000199560965875075;0.000798243863500299;0.0253442426661345;0.000598682897625224
"UNDE_001-M-7-0-20140708";0.940730393135103;0.00039912193175015;0.01337058471363;0.00419078028337657;0.000199560965875075;0.00219517062462582;0.0015964877270006;0.00299341448812612;0.00199560965875075;0.0301337058471363;0.00219517062462582
"UNDE_001-O-30-37-20140708";0.949111953701856;0.000997804829375374;0.00718419477150269;0.000199560965875075;0.000199560965875075;0.00179604869287567;0.000199560965875075;0.0031929754540012;0.000598682897625224;0.0361205348233885;0.00039912193175015
"UNDE_006-M-10-34-20140707";0.962482538415486;0.000798243863500299;0.00658551187387747;0.000199560965875075;0.000199560965875075;0.000199560965875075;0.00299341448812612;0.0015964877270006;0.00179604869287567;0.0229495110756336;0.000199560965875075
"UNDE_006-M-25-6-20140707";0.938934344442227;0.00199560965875075;0.00917980443025344;0.00219517062462582;0.000199560965875075;0.000798243863500299;0.000199560965875075;0.0023947315905009;0.0023947315905009;0.0397126322091399;0.00199560965875075
"UNDE_006-M-9-4-20140707";0.962083416483736;0.000199560965875075;0.00718419477150269;0.00119736579525045;0.000199560965875075;0.000997804829375374;0.00259429255637597;0.00199560965875075;0.00119736579525045;0.0221512672121333;0.000199560965875075
"UNDE_007-M-33-2-20140710";0.946717222111355;0.00139692676112552;0.00997804829375374;0.00339253641987627;0.00039912193175015;0.000199560965875075;0.0031929754540012;0.0023947315905009;0.00299341448812612;0.0285372181201357;0.000798243863500299
"UNDE_007-M-4-9-20140710";0.964677709040112;0.000199560965875075;0.0055877070445021;0.000997804829375374;0.000199560965875075;0.000199560965875075;0.000199560965875075;0.000997804829375374;0.0023947315905009;0.0243464378367591;0.000199560965875075
"UNDE_008-M-15-7-20140707";0.950508880462981;0.00119736579525045;0.00838156056675314;0.0023947315905009;0.00119736579525045;0.000798243863500299;0.00359209738575135;0.00498902414687687;0.00299341448812612;0.0237477549391339;0.000199560965875075
"UNDE_008-M-33-11-20140707";0.957293953302734;0.000997804829375374;0.00658551187387747;0.00419078028337657;0.000199560965875075;0.000798243863500299;0.00518858511275195;0.00498902414687687;0.000798243863500299;0.018758730792257;0.000199560965875075
"UNDE_008-M-4-7-20140707";0.952304929155857;0.000199560965875075;0.00898024346437837;0.00219517062462582;0.000199560965875075;0.000798243863500299;0.00359209738575135;0.0055877070445021;0.00139692676112552;0.0243464378367591;0.00039912193175015
"UNDE_013-M-2-0-20140708";0.954899221712233;0.000598682897625224;0.00778287766912792;0.000199560965875075;0.000199560965875075;0.000997804829375374;0.00179604869287567;0.00219517062462582;0.00139692676112552;0.0297345839153862;0.000199560965875075
"UNDE_013-M-39-30-20140708";0.956894831370984;0.00119736579525045;0.00618638994212732;0.000199560965875075;0.000199560965875075;0.000598682897625224;0.0015964877270006;0.00379165835162642;0.00139692676112552;0.0275394132907603;0.00039912193175015
"UNDE_013-M-8-11-20140708";0.955697465575733;0.000997804829375374;0.00698463380562762;0.00139692676112552;0.000199560965875075;0.000199560965875075;0.00279385352225105;0.00279385352225105;0.00179604869287567;0.0259429255637597;0.00119736579525045
"UNDE_014-M-36-16-20140711";0.971063659948114;0.000199560965875075;0.00299341448812612;0.000199560965875075;0.000199560965875075;0.000199560965875075;0.00119736579525045;0.000598682897625224;0.0031929754540012;0.0197565356216324;0.00039912193175015
"UNDE_014-M-6-12-20140711";0.951107563360607;0.000199560965875075;0.0039912193175015;0.00199560965875075;0.000199560965875075;0.000199560965875075;0.000199560965875075;0.00419078028337657;0.00678507283975254;0.0289363400518859;0.00219517062462582
"UNDE_017-M-0-30-20140707";0.95909000199561;0.000199560965875075;0.0039912193175015;0.000199560965875075;0.000199560965875075;0.000199560965875075;0.0015964877270006;0.00179604869287567;0.000199560965875075;0.031929754540012;0.000598682897625224
"UNDE_017-M-23-38-20140707";0.928158052284973;0.000199560965875075;0.0151666334065057;0.00618638994212732;0.000199560965875075;0.00439034124925165;0.0023947315905009;0.00598682897625225;0.00139692676112552;0.0315306326082618;0.00439034124925165
"UNDE_019-M-23-30-20140708";0.939333466373977;0.000598682897625224;0.00997804829375374;0.00279385352225105;0.000199560965875075;0.0015964877270006;0.00379165835162642;0.00439034124925165;0.0023947315905009;0.034723608062263;0.000199560965875075
"UNDE_019-M-30-38-20140708";0.954899221712233;0.000997804829375374;0.00718419477150269;0.0023947315905009;0.000199560965875075;0.000199560965875075;0.00359209738575135;0.0031929754540012;0.00119736579525045;0.0243464378367591;0.00179604869287567
"UNDE_019-M-33-4-20140708";0.942526441827978;0.00039912193175015;0.0109758531231291;0.00299341448812612;0.000199560965875075;0.000997804829375374;0.00259429255637597;0.00299341448812612;0.00199560965875075;0.0311315106765117;0.0031929754540012
"UNDE_027-M-19-30-20140708";0.953901416882858;0.000997804829375374;0.00658551187387747;0.00219517062462582;0.000598682897625224;0.000598682897625224;0.00179604869287567;0.00039912193175015;0.00199560965875075;0.0307323887447615;0.000199560965875075
"UNDE_027-M-23-8-20140708";0.961883855517861;0.000199560965875075;0.00758331670325284;0.000199560965875075;0.000199560965875075;0.00039912193175015;0.000199560965875075;0.00119736579525045;0.00139692676112552;0.026541608461385;0.000199560965875075
"UNDE_027-M-31-3-20140708";0.959688684893235;0.00039912193175015;0.00498902414687687;0.00179604869287567;0.000199560965875075;0.000199560965875075;0.00179604869287567;0.00199560965875075;0.000798243863500299;0.0271402913590102;0.000997804829375374
"UNDE_032-M-2-27-20140708";0.951307124326482;0.000199560965875075;0.00518858511275195;0.00139692676112552;0.000199560965875075;0.000997804829375374;0.00179604869287567;0.00259429255637597;0.00199560965875075;0.0335262422670126;0.000798243863500299
"UNDE_034-M-28-34-20140715";0.962083416483736;0.000199560965875075;0.00838156056675314;0.0023947315905009;0.000199560965875075;0.000598682897625224;0.00199560965875075;0.00179604869287567;0.00139692676112552;0.0189582917581321;0.00199560965875075
"UNDE_034-M-35-0-20140715";0.943524246657354;0.00199560965875075;0.0155657553382558;0.000199560965875075;0.000199560965875075;0.0015964877270006;0.00219517062462582;0.00299341448812612;0.00139692676112552;0.0301337058471363;0.000199560965875075
"UNDE_034-M-37-20-20140715";0.958291758132109;0.00139692676112552;0.00379165835162642;0.0015964877270006;0.000199560965875075;0.00039912193175015;0.0047894631810018;0.00179604869287567;0.000997804829375374;0.026541608461385;0.000199560965875075
"UNDE_035-M-1-23-20140715";0.968469367391738;0.0023947315905009;0.0047894631810018;0.000199560965875075;0.000199560965875075;0.000997804829375374;0.0015964877270006;0.00179604869287567;0.000798243863500299;0.018559169826382;0.000199560965875075
"UNDE_035-M-13-1-20140715";0.957293953302734;0.000199560965875075;0.00858112153262822;0.000798243863500299;0.000199560965875075;0.00119736579525045;0.0015964877270006;0.000199560965875075;0.00179604869287567;0.0279385352225105;0.000199560965875075
"UNDE_035-M-6-13-20140715";0.968868489323488;0.000199560965875075;0.0131710237477549;0.000199560965875075;0.000199560965875075;0.00039912193175015;0.00039912193175015;0.000199560965875075;0.000199560965875075;0.015964877270006;0.000199560965875075
"UNDE_037-M-25-17-20140710";0.977050488924366;0.000199560965875075;0.0047894631810018;0.000199560965875075;0.000199560965875075;0.000199560965875075;0.000997804829375374;0.000199560965875075;0.000199560965875075;0.0157653163041309;0.000199560965875075
"UNDE_037-O-28-36-20140710";0.96108561165436;0.000199560965875075;0.00658551187387747;0.00299341448812612;0.000199560965875075;0.000997804829375374;0.00279385352225105;0.0015964877270006;0.000798243863500299;0.0225503891438835;0.000199560965875075
"UNDE_037-O-9-7-20140710";0.9335461983636;0.000199560965875075;0.0145679505088805;0.00119736579525045;0.000199560965875075;0.000997804829375374;0.0031929754540012;0.000199560965875075;0.00039912193175015;0.045300339253642;0.000199560965875075
"UNDE_043-M-17-38-20140710";0.94571941728198;0.0015964877270006;0.0109758531231291;0.00219517062462582;0.000997804829375374;0.000199560965875075;0.00199560965875075;0.0023947315905009;0.000997804829375374;0.0313310716423867;0.0015964877270006
"UNDE_043-M-32-36-20140710";0.952704051087607;0.00119736579525045;0.010576731191379;0.000997804829375374;0.000199560965875075;0.000798243863500299;0.00439034124925165;0.00259429255637597;0.000997804829375374;0.0253442426661345;0.000199560965875075
"UNDE_044-M-37-7-20140718";0.967072440630613;0.000199560965875075;0.00538814607862702;0.000199560965875075;0.000199560965875075;0.000199560965875075;0.00199560965875075;0.000598682897625224;0.000997804829375374;0.0229495110756336;0.000199560965875075
"UNDE_044-O-37-7-20140718";0.900818199960088;0.000199560965875075;0.00898024346437837;0.00339253641987627;0.000199560965875075;0.000997804829375374;0.010576731191379;0.00678507283975254;0.000199560965875075;0.0664538016363999;0.00139692676112552
