"";"study_id";"siteID";"plotID";"sampleID";"pH";"pC";"cn";"deprecatedVialID";"relEM";"map";"mat";"ndep.glob";"NPP";"forest"
"BART_001-M-1-6-20140619";200;"BART";"BART_001";"BART_001-M-1-6-20140619";0.264272788036419;13.4103560002816;1.91510297377197;"BART.001.M.1.1.20140619";0.440121985519277;0.0461689913075001;1.25234206804438;0.01;0.01;0.01
"BART_001-M-7-5-20140619";200;"BART";"BART_001";"BART_001-M-7-5-20140619";0.264272788036419;13.4103560002816;1.91510297377197;"BART.001.M.7.1.20140619";0.440121985519277;0.0461689913075001;1.25234206804438;0.01;0.01;0.01
"BART_001-O-1-6-20140619";200;"BART";"BART_001";"BART_001-O-1-6-20140619";0.264272788036419;13.4103560002816;1.91510297377197;"BART.001.21.1.6.O.20140619";0.440121985519277;0.0461689913075001;1.25234206804438;0.01;0.01;0.01
"BART_006-M-3-26-20140619";200;"BART";"BART_006";"BART_006-M-3-26-20140619";0.160518576622368;15.2094041258158;1.82364895115992;"BART.006.39.3.26.M.20140619";0.0892102732306016;0.0461689913075001;1.25234206804438;0.01;0.01;0.01
"BART_006-M-33-3-20140619";200;"BART";"BART_006";"BART_006-M-33-3-20140619";0.160518576622368;15.2094041258158;1.82364895115992;"BART.006.M.33.3.20140619";0.0892102732306016;0.0461689913075001;1.25234206804438;0.01;0.01;0.01
"BART_006-O-33-3-20140619";200;"BART";"BART_006";"BART_006-O-33-3-20140619";0.160518576622368;15.2094041258158;1.82364895115992;"BART.006.23.33.0.O.20140619";0.0892102732306016;0.0461689913075001;1.25234206804438;0.01;0.01;0.01
"BART_028-M-33-4-20140619";200;"BART";"BART_028";"BART_028-M-33-4-20140619";0.256453248331884;11.8255769912658;1.4876526907387;"BART.028.M.33.3.20140619";2.59437451308785;0.0461689913075001;1.25234206804438;0.01;0.01;0.01
"CPER_001-M-22-32-20140812";200;"CPER";"CPER_001";"CPER_001-M-22-32-20140812";0.01;0.107214306157169;1.22643802900518;"CPER.001.M.22.32.20140812";0.01;0.0535885920981413;1.27461481912298;0.01;0.01;0.01
"CPER_001-M-30-37-20140812";200;"CPER";"CPER_001";"CPER_001-M-30-37-20140812";0.01;0.107214306157169;1.22643802900518;"CPER.001.M.30.37.20140812";0.01;0.0535885920981413;1.27461481912298;0.01;0.01;0.01
"CPER_001-M-7-0-20140812";200;"CPER";"CPER_001";"CPER_001-M-7-0-20140812";0.01;0.107214306157169;1.22643802900518;"CPER.001.M.7.0.20140812";0.01;0.0535885920981413;1.27461481912298;0.01;0.01;0.01
"CPER_002-M-10-34-20140812";200;"CPER";"CPER_002";"CPER_002-M-10-34-20140812";0.01;0.0833254019840965;0.928645437280058;"CPER.002.M.10.34.20140812";0.01;0.0535885920981413;1.27461481912298;0.01;0.01;0.01
"CPER_002-M-25-6-20140812";200;"CPER";"CPER_002";"CPER_002-M-25-6-20140812";0.01;0.0833254019840965;0.928645437280058;"CPER.002.M.25.6.20140812";0.01;0.0535885920981413;1.27461481912298;0.01;0.01;0.01
"CPER_002-M-9-4-20140812";200;"CPER";"CPER_002";"CPER_002-M-9-4-20140812";0.01;0.0833254019840965;0.928645437280058;"CPER.002.M.9.4.20140812";0.01;0.0535885920981413;1.27461481912298;0.01;0.01;0.01
"CPER_003-M-15-7-20140812";200;"CPER";"CPER_003";"CPER_003-M-15-7-20140812";0.01;0.0702109262057546;0.880589288060878;"CPER.003.M.15.7.20140812";0.01;0.0535885920981413;1.27461481912298;0.01;0.01;0.01
"CPER_003-M-33-11-20140812";200;"CPER";"CPER_003";"CPER_003-M-33-11-20140812";0.01;0.0702109262057546;0.880589288060878;"CPER.003.M.33.11.20140812";0.01;0.0535885920981413;1.27461481912298;0.01;0.01;0.01
"CPER_004-M-0-30-20140812";200;"CPER";"CPER_004";"CPER_004-M-0-30-20140812";0.01;0.0698021888864528;0.822015928965119;"CPER.004.M.0.30.20140812";0.01;0.0535885920981413;1.27461481912298;0.01;0.01;0.01
"CPER_004-M-16-7-20140812";200;"CPER";"CPER_004";"CPER_004-M-16-7-20140812";0.01;0.0698021888864528;0.822015928965119;"CPER.004.M.16.7.20140812";0.01;0.0535885920981413;1.27461481912298;0.01;0.01;0.01
"CPER_004-M-23-38-20140812";200;"CPER";"CPER_004";"CPER_004-M-23-38-20140812";0.01;0.0698021888864528;0.822015928965119;"CPER.004.M.23.38.20140812";0.01;0.0535885920981413;1.27461481912298;0.01;0.01;0.01
"DSNY_001-M-1-6-20140813";200;"DSNY";"DSNY_001";"DSNY_001-M-1-6-20140813";0.01;0.0165254369930946;0.333650245984321;"DSNY.001.21.M.1.6.20140813";0.0547715306003152;0.0473568841069721;1.23249142837406;0.01;0.01;0.01
"DSNY_001-M-29-37-20140701";200;"DSNY";"DSNY_001";"DSNY_001-M-29-37-20140701";0.206365339517115;0.39565125791973;2.25662557351101;"DSNY.001.M.29.37.20140701";0.0547715306003152;0.0473568841069721;1.23249142837406;0.01;0.01;0.01
"DSNY_001-M-30-37-20140909";200;"DSNY";"DSNY_001";"DSNY_001-M-30-37-20140909";0.206365339517115;0.39565125791973;2.25662557351101;"DSNY.001.41.M.30.37.20140910";0.0547715306003152;0.0473568841069721;1.23249142837406;0.01;0.01;0.01
"DSNY_001-M-7-0-20140909";200;"DSNY";"DSNY_001";"DSNY_001-M-7-0-20140909";0.206365339517115;0.39565125791973;2.25662557351101;"DSNY.001.21.M.7.0.20140909";0.0547715306003152;0.0473568841069721;1.23249142837406;0.01;0.01;0.01
"DSNY_001-M-7-5-20140813";200;"DSNY";"DSNY_001";"DSNY_001-M-7-5-20140813";0.01;0.0262549952871577;0.35868665610622;"DSNY.001.21.M.7.5.20140813";0.0547715306003152;0.0473568841069721;1.23249142837406;0.01;0.01;0.01
"DSNY_001-M-9-11-20140701";200;"DSNY";"DSNY_001";"DSNY_001-M-9-11-20140701";0.206365339517115;0.39565125791973;2.25662557351101;"DSNY.001.M.9.11.20140701";0.0547715306003152;0.0473568841069721;1.23249142837406;0.01;0.01;0.01
"DSNY_001-M-9-17-20140813";200;"DSNY";"DSNY_001";"DSNY_001-M-9-17-20140813";0.01;0.03256606012655;0.38372306622812;"DSNY.001.21.M.9.17.20140813";0.0547715306003152;0.0473568841069721;1.23249142837406;0.01;0.01;0.01
"DSNY_002-M-10-34-20140910";200;"DSNY";"DSNY_002";"DSNY_002-M-10-34-20140910";0.213880763688125;0.781203861772863;4.3998850713263;"DSNY.002.39.M.10.34.20140910";0.0547715306003152;0.0473568841069721;1.23249142837406;0.01;0.01;0.01
"DSNY_002-M-11-0-20140813";200;"DSNY";"DSNY_002";"DSNY_002-M-11-0-20140813";0.213880763688125;0.781203861772863;4.3998850713263;"DSNY.002.21.M.11.0.20140813";0.0547715306003152;0.0473568841069721;1.23249142837406;0.01;0.01;0.01
"DSNY_002-M-27-36-20140813";200;"DSNY";"DSNY_002";"DSNY_002-M-27-36-20140813";0.01;0.0407178522107651;0.450926061818481;"DSNY.002.41.M.27.36.20140813";0.0547715306003152;0.0473568841069721;1.23249142837406;0.01;0.01;0.01
"DSNY_002-M-30-5-20140813";200;"DSNY";"DSNY_002";"DSNY_002-M-30-5-20140813";0.01;0.0791101633170683;0.387676183615788;"DSNY.002.23.M.30.5.20140813";0.0547715306003152;0.0473568841069721;1.23249142837406;0.01;0.01;0.01
"DSNY_002-M-9-4-20140910";200;"DSNY";"DSNY_002";"DSNY_002-M-9-4-20140910";0.213880763688125;0.781203861772863;4.3998850713263;"DSNY.002.21.M.9.4.20140910";0.0547715306003152;0.0473568841069721;1.23249142837406;0.01;0.01;0.01
"DSNY_003-M-1-7-20140813";200;"DSNY";"DSNY_003";"DSNY_003-M-1-7-20140813";0.01;0.855130393612309;5.32933402746064;"DSNY.003.21.M.1.7.20140813";3.20575419551405;0.0473568841069721;1.23249142837406;0.01;0.01;0.01
"DSNY_003-M-3-26-20140813";200;"DSNY";"DSNY_003";"DSNY_003-M-3-26-20140813";0.01;0.855130393612309;5.32933402746064;"DSNY.003.39.M.3.26.20140813";3.20575419551405;0.0473568841069721;1.23249142837406;0.01;0.01;0.01
"DSNY_004-M-21-38-20140813";200;"DSNY";"DSNY_004";"DSNY_004-M-21-38-20140813";0.01;0.080162007456967;0.433795886471918;"DSNY.004.41.M.21.38.20140813";0.0547715306003152;0.0473568841069721;1.23249142837406;0.01;0.01;0.01
"DSNY_004-M-33-4-20140814";200;"DSNY";"DSNY_004";"DSNY_004-M-33-4-20140814";0.01;0.0843693840165618;0.508905116837617;"DSNY.004.23.M.33.4.20140813";0.0547715306003152;0.0473568841069721;1.23249142837406;0.01;0.01;0.01
"DSNY_005-M-24-40-20140818";200;"DSNY";"DSNY_005";"DSNY_005-M-24-40-20140818";0.01;0.0304623718467526;0.417983416921245;"DSNY.005.41.M.24.40.20140813";0.0547715306003152;0.0473568841069721;1.23249142837406;0.01;0.01;0.01
"DSNY_005-M-33-2-20140814";200;"DSNY";"DSNY_005";"DSNY_005-M-33-2-20140814";0.01;0.0223105797625375;0.38372306622812;"DSNY.005.23.M.33.2.20140813";0.0547715306003152;0.0473568841069721;1.23249142837406;0.01;0.01;0.01
"DSNY_009-M-17-34-20140701";200;"DSNY";"DSNY_009";"DSNY_009-M-17-34-20140701";0.0464494765377003;0.750315221836646;1.78136459915752;"DSNY.009.M.17.3.20140701";0.0547715306003152;0.0473568841069721;1.23249142837406;0.01;0.01;0.01
"DSNY_009-M-2-0-20140813";200;"DSNY";"DSNY_009";"DSNY_009-M-2-0-20140813";0.01;0.0693806050230051;0.33496795178021;"DSNY.009.21.M.2.0.20140813";0.0547715306003152;0.0473568841069721;1.23249142837406;0.01;0.01;0.01
"DSNY_009-M-29-2-20140701";200;"DSNY";"DSNY_009";"DSNY_009-M-29-2-20140701";0.0464494765377003;0.750315221836646;1.78136459915752;"DSNY.009.M.29.2.20140701";0.0547715306003152;0.0473568841069721;1.23249142837406;0.01;0.01;0.01
"DSNY_009-M-33-11-20140910";200;"DSNY";"DSNY_009";"DSNY_009-M-33-11-20140910";0.0464494765377003;0.750315221836646;1.78136459915752;"DSNY.009.23.M.33.11.20140910";0.0547715306003152;0.0473568841069721;1.23249142837406;0.01;0.01;0.01
"DSNY_009-M-8-11-20140813";200;"DSNY";"DSNY_009";"DSNY_009-M-8-11-20140813";0.01;0.100147046115043;0.346827303943215;"DSNY.009.21.M.8.11.20140813";0.0547715306003152;0.0473568841069721;1.23249142837406;0.01;0.01;0.01
"DSNY_016-M-0-30-20140910";200;"DSNY";"DSNY_016";"DSNY_016-M-0-30-20140910";0.214359983584363;0.488349087428916;3.71189678243157;"DSNY.016.39.M.0.30.20140910";0.0547715306003152;0.0473568841069721;1.23249142837406;0.01;0.01;0.01
"DSNY_016-M-12-7-20140701";200;"DSNY";"DSNY_016";"DSNY_016-M-12-7-20140701";0.214359983584363;0.488349087428916;3.71189678243157;"DSNY.016.M.12.2.20140701";0.0547715306003152;0.0473568841069721;1.23249142837406;0.01;0.01;0.01
"DSNY_016-M-16-7-20140910";200;"DSNY";"DSNY_016";"DSNY_016-M-16-7-20140910";0.214359983584363;0.488349087428916;3.71189678243157;"DSNY.016.21.M.16.7.20140910";0.0547715306003152;0.0473568841069721;1.23249142837406;0.01;0.01;0.01
"DSNY_016-M-3-37-20140813";200;"DSNY";"DSNY_016";"DSNY_016-M-3-37-20140813";0.01;0.0273068394270564;0.26381183880218;"DSNY.016.39.M.3.37.20140813";0.0547715306003152;0.0473568841069721;1.23249142837406;0.01;0.01;0.01
"DSNY_016-M-35-24-20140701";200;"DSNY";"DSNY_016";"DSNY_016-M-35-24-20140701";0.214359983584363;0.488349087428916;3.71189678243157;"DSNY.016.M.35.24.20140701";0.0547715306003152;0.0473568841069721;1.23249142837406;0.01;0.01;0.01
"DSNY_016-M-36-16-20140813";200;"DSNY";"DSNY_016";"DSNY_016-M-36-16-20140813";0.01;0.0223105797625375;0.270400367781627;"DSNY.016.M.36.18.20140813";0.0547715306003152;0.0473568841069721;1.23249142837406;0.01;0.01;0.01
"DSNY_016-M-5-26-20140701";200;"DSNY";"DSNY_016";"DSNY_016-M-5-26-20140701";0.214359983584363;0.488349087428916;3.71189678243157;"DSNY.016.M.5.26.20140701";0.0547715306003152;0.0473568841069721;1.23249142837406;0.01;0.01;0.01
"DSNY_016-M-6-12-20140813";200;"DSNY";"DSNY_016";"DSNY_016-M-6-12-20140813";0.01;0.0107402942236516;0.229551488109055;"DSNY.016.41.M.6.12.20140813";0.0547715306003152;0.0473568841069721;1.23249142837406;0.01;0.01;0.01
"DSNY_043-M-18-37-20140814";200;"DSNY";"DSNY_043";"DSNY_043-M-18-37-20140814";0.01;0.0493955663649295;0.331014834392542;"DSNY.043.39.M.18.37.20140814";0.0547715306003152;0.0473568841069721;1.23249142837406;0.01;0.01;0.01
"DSNY_043-M-2-27-20140814";200;"DSNY";"DSNY_043";"DSNY_043-M-2-27-20140814";0.01;0.0338808653014234;0.316520070637758;"DSNY.043.39.M.2.27.20140814";0.0547715306003152;0.0473568841069721;1.23249142837406;0.01;0.01;0.01
"DSNY_043-M-33-17-20140814";200;"DSNY";"DSNY_043";"DSNY_043-M-33-17-20140814";0.01;0.0341438263363981;0.331014834392542;"DSNY.043.23.M.33.17.20140814";0.0547715306003152;0.0473568841069721;1.23249142837406;0.01;0.01;0.01
"HARV_001-M-14-7-20140812";200;"HARV";"HARV_001";"HARV_001-M-14-7-20140812";0.101417926634064;8.10360649355265;1.37818673377067;"HARV.001.21.14.7.M.20140812";0.709794357536749;0.0453326508691701;1.2547101047133;0.01;0.01;0.01
"HARV_001-M-15-1-20140812";200;"HARV";"HARV_001";"HARV_001-M-15-1-20140812";0.101417926634064;8.10360649355265;1.37818673377067;"HARV.001.21.15.1.M.20140812";0.709794357536749;0.0453326508691701;1.2547101047133;0.01;0.01;0.01
"HARV_001-M-30-37-20140715";200;"HARV";"HARV_001";"HARV_001-M-30-37-20140715";0.101417926634064;0.0822656957367644;0.348145009739105;"HARV.001.41.30.37.M.20140715";0.709794357536749;0.0453326508691701;1.2547101047133;0.01;0.01;0.01
"HARV_001-M-39-16-20140812";200;"HARV";"HARV_001";"HARV_001-M-39-16-20140812";0.101417926634064;8.10360649355265;1.37818673377067;"HARV.001.23.39.16.M.20140812";0.709794357536749;0.0453326508691701;1.2547101047133;0.01;0.01;0.01
"HARV_001-M-7-0-20140715";200;"HARV";"HARV_001";"HARV_001-M-7-0-20140715";0.101417926634064;0.0649102674284356;0.299389895291195;"HARV.001.21.7.0.M.20140715";0.709794357536749;0.0453326508691701;1.2547101047133;0.01;0.01;0.01
"HARV_001-O-14-7-20140812";200;"HARV";"HARV_001";"HARV_001-O-14-7-20140812";0.101417926634064;8.10360649355265;1.37818673377067;"HARV.001.21.14.7.O.20140812";0.709794357536749;0.0453326508691701;1.2547101047133;0.01;0.01;0.01
"HARV_001-O-15-1-20140812";200;"HARV";"HARV_001";"HARV_001-O-15-1-20140812";0.101417926634064;8.10360649355265;1.37818673377067;"HARV.001.21.15.1.O.20140812";0.709794357536749;0.0453326508691701;1.2547101047133;0.01;0.01;0.01
"HARV_002-M-24-40-20140716";200;"HARV";"HARV_002";"HARV_002-M-24-40-20140716";0.157225549895742;0.145376344130687;0.280942014148743;"HARV.002.41.24.40.M.20140716";0.522358810665499;0.0453326508691701;1.2547101047133;0.01;0.01;0.01
"HARV_002-O-24-40-20140716";200;"HARV";"HARV_002";"HARV_002-O-24-40-20140716";0.157225549895742;0.282116082317521;0.403488653166461;"HARV.002.41.24.40.O.20140716";0.522358810665499;0.0453326508691701;1.2547101047133;0.01;0.01;0.01
"HARV_002-O-33-2-20140716";200;"HARV";"HARV_002";"HARV_002-O-33-2-20140716";0.157225549895742;0.384670885957646;0.419301122717134;"HARV.002.23.33.2.O.20140716";0.522358810665499;0.0453326508691701;1.2547101047133;0.01;0.01;0.01
"HARV_002-O-4-9-20140716";200;"HARV";"HARV_002";"HARV_002-O-4-9-20140716";0.157225549895742;0.268705069533812;0.402170947370572;"HARV.002.21.4.9.O.20140716";0.522358810665499;0.0453326508691701;1.2547101047133;0.01;0.01;0.01
"HARV_004-M-10-34-20140715";200;"HARV";"HARV_004";"HARV_004-M-10-34-20140715";0.10950486439484;0.144061538955814;0.270400367781627;"HARV.004.39.10.34.M.20140715";0.0969275938220607;0.0453326508691701;1.2547101047133;0.01;0.01;0.01
"HARV_004-M-19-1-20140812";200;"HARV";"HARV_004";"HARV_004-M-19-1-20140812";0.10950486439484;8.71690447007451;1.63594238952147;"HARV.004.21.19.1.M.20140812";0.0969275938220607;0.0453326508691701;1.2547101047133;0.01;0.01;0.01
"HARV_004-M-25-6-20140715";200;"HARV";"HARV_004";"HARV_004-M-25-6-20140715";0.10950486439484;0.128020915822359;0.244046251863838;"HARV.004.23.25.6.M.20140715";0.0969275938220607;0.0453326508691701;1.2547101047133;0.01;0.01;0.01
"HARV_004-M-3-28-20140812";200;"HARV";"HARV_004";"HARV_004-M-3-28-20140812";0.10950486439484;8.71690447007451;1.63594238952147;"HARV.004.39.3.28.M.20140812";0.0969275938220607;0.0453326508691701;1.2547101047133;0.01;0.01;0.01
"HARV_004-M-9-34-20140812";200;"HARV";"HARV_004";"HARV_004-M-9-34-20140812";0.10950486439484;8.71690447007451;1.63594238952147;"HARV.004.21.9.34.M.20140812";0.0969275938220607;0.0453326508691701;1.2547101047133;0.01;0.01;0.01
"HARV_004-M-9-4-20140715";200;"HARV";"HARV_004";"HARV_004-M-9-4-20140715";0.10950486439484;0.116713591318447;0.292801366311748;"HARV.004.21.9.4.M.20140715";0.0969275938220607;0.0453326508691701;1.2547101047133;0.01;0.01;0.01
"HARV_004-O-10-34-20140715";200;"HARV";"HARV_004";"HARV_004-O-10-34-20140715";0.10950486439484;0.933207604914826;0.329697128596652;"HARV.004.39.10.34.O.20140715";0.0969275938220607;0.0453326508691701;1.2547101047133;0.01;0.01;0.01
"HARV_004-O-19-1-20140812";200;"HARV";"HARV_004";"HARV_004-O-19-1-20140812";0.10950486439484;8.71690447007451;1.63594238952147;"HARV.004.21.19.1.O.20140812";0.0969275938220607;0.0453326508691701;1.2547101047133;0.01;0.01;0.01
"HARV_004-O-25-6-20140715";200;"HARV";"HARV_004";"HARV_004-O-25-6-20140715";0.10950486439484;0.861156281331764;0.291483660515859;"HARV.004.23.25.6.O.20140715";0.0969275938220607;0.0453326508691701;1.2547101047133;0.01;0.01;0.01
"HARV_004-O-3-28-20140812";200;"HARV";"HARV_004";"HARV_004-O-3-28-20140812";0.10950486439484;8.71690447007451;1.63594238952147;"HARV.004.39.3.28.O.20140812";0.0969275938220607;0.0453326508691701;1.2547101047133;0.01;0.01;0.01
"HARV_004-O-9-34-20140812";200;"HARV";"HARV_004";"HARV_004-O-9-34-20140812";0.10950486439484;8.71690447007451;1.63594238952147;"HARV.004.21.9.34.O.20140812";0.0969275938220607;0.0453326508691701;1.2547101047133;0.01;0.01;0.01
"HARV_010-M-2-0-20140715";200;"HARV";"HARV_010";"HARV_010-M-2-0-20140715";0.157225549895742;0.0727990984776759;0.349462715534994;"HARV.010.21.2.0.M.20140715";3.00908252674651;0.0453326508691701;1.2547101047133;0.01;0.01;0.01
"HARV_010-M-39-30-20140715";200;"HARV";"HARV_010";"HARV_010-M-39-30-20140715";0.157225549895742;0.103828500604688;0.395582418391125;"HARV.010.41.39.30.M.20140715";3.00908252674651;0.0453326508691701;1.2547101047133;0.01;0.01;0.01
"HARV_010-M-8-11-20140715";200;"HARV";"HARV_010";"HARV_010-M-8-11-20140715";0.157225549895742;0.104617383709612;0.381087654636341;"HARV.010.21.8.11.M.20140715";3.00908252674651;0.0453326508691701;1.2547101047133;0.01;0.01;0.01
"HARV_010-O-2-0-20140715";200;"HARV";"HARV_010";"HARV_010-O-2-0-20140715";0.157225549895742;0.876145060325321;0.386358477819898;"HARV.010.21.2.0.O.20140715";3.00908252674651;0.0453326508691701;1.2547101047133;0.01;0.01;0.01
"HARV_010-O-39-30-20140715";200;"HARV";"HARV_010";"HARV_010-O-39-30-20140715";0.157225549895742;0.669983608905173;0.381087654636341;"HARV.010.41.39.30.O.20140715";3.00908252674651;0.0453326508691701;1.2547101047133;0.01;0.01;0.01
"HARV_010-O-8-11-20140715";200;"HARV";"HARV_010";"HARV_010-O-8-11-20140715";0.157225549895742;0.884822774479485;0.361322067697999;"HARV.010.21.8.11.O.20140715";3.00908252674651;0.0453326508691701;1.2547101047133;0.01;0.01;0.01
"HARV_013-M-0-13-20140812";200;"HARV";"HARV_013";"HARV_013-M-0-13-20140812";0.08605968517052;3.52136676391935;1.54616373766665;"HARV.013.21.0.13.M.20140812";1.05405733087725;0.0453326508691701;1.2547101047133;0.01;0.01;0.01
"HARV_013-M-14-6-20140812";200;"HARV";"HARV_013";"HARV_013-M-14-6-20140812";0.08605968517052;3.52136676391935;1.54616373766665;"HARV.013.21.14.6.M.20140812";1.05405733087725;0.0453326508691701;1.2547101047133;0.01;0.01;0.01
"HARV_013-M-15-7-20140717";200;"HARV";"HARV_013";"HARV_013-M-15-7-20140717";0.08605968517052;0.0504474105048282;0.255905604026843;"HARV.013.21.15.7.M.20140717";1.05405733087725;0.0453326508691701;1.2547101047133;0.01;0.01;0.01
"HARV_013-M-28-3-20140812";200;"HARV";"HARV_013";"HARV_013-M-28-3-20140812";0.08605968517052;3.52136676391935;1.54616373766665;"HARV.013.23.28.3.M.20140812";1.05405733087725;0.0453326508691701;1.2547101047133;0.01;0.01;0.01
"HARV_013-M-4-7-20140717";200;"HARV";"HARV_013";"HARV_013-M-4-7-20140717";0.08605968517052;0.053865903959499;0.28753054312819;"HARV.013.21.4.7.M.20140717";1.05405733087725;0.0453326508691701;1.2547101047133;0.01;0.01;0.01
"HARV_013-O-0-13-20140812";200;"HARV";"HARV_013";"HARV_013-O-0-13-20140812";0.08605968517052;3.52136676391935;1.54616373766665;"HARV.013.21.0.13.O.20140812";1.05405733087725;0.0453326508691701;1.2547101047133;0.01;0.01;0.01
"HARV_013-O-14-6-20140812";200;"HARV";"HARV_013";"HARV_013-O-14-6-20140812";0.08605968517052;3.52136676391935;1.54616373766665;"HARV.013.21.14.6.O.20140812";1.05405733087725;0.0453326508691701;1.2547101047133;0.01;0.01;0.01
"HARV_013-O-15-7-20140717";200;"HARV";"HARV_013";"HARV_013-O-15-7-20140717";0.08605968517052;0.211116602874357;0.300707601087084;"HARV.013.21.15.7.O.20140717";1.05405733087725;0.0453326508691701;1.2547101047133;0.01;0.01;0.01
"HARV_013-O-28-3-20140812";200;"HARV";"HARV_013";"HARV_013-O-28-3-20140812";0.08605968517052;3.52136676391935;1.54616373766665;"HARV.013.23.28.3.O.20140812";1.05405733087725;0.0453326508691701;1.2547101047133;0.01;0.01;0.01
"HARV_013-O-33-11-20140716";200;"HARV";"HARV_013";"HARV_013-O-33-11-20140716";0.08605968517052;3.52136676391935;1.54616373766665;"HARV.013.23.33.11.O.20140716";1.05405733087725;0.0453326508691701;1.2547101047133;0.01;0.01;0.01
"HARV_016-M-0-30-20140715";200;"HARV";"HARV_016";"HARV_016-M-0-30-20140715";0.145249116591468;0.113821019933726;0.254587898230954;"HARV.016.39.0.30.M.20140715";2.50828390589823;0.0453326508691701;1.2547101047133;0.01;0.01;0.01
"HARV_016-M-16-7-20140715";200;"HARV";"HARV_016";"HARV_016-M-16-7-20140715";0.145249116591468;0.146691149305561;0.273035779373406;"HARV.016.21.16.7.M.20140715";2.50828390589823;0.0453326508691701;1.2547101047133;0.01;0.01;0.01
"HARV_016-O-0-30-20140715";200;"HARV";"HARV_016";"HARV_016-O-0-30-20140715";0.145249116591468;1.19222422436489;0.354733538718552;"HARV.016.39.0.30.O.20140715";2.50828390589823;0.0453326508691701;1.2547101047133;0.01;0.01;0.01
"HARV_016-O-16-7-20140715";200;"HARV";"HARV_016";"HARV_016-O-16-7-20140715";0.145249116591468;1.04706973305886;0.340238774963768;"HARV.016.21.16.7.O.20140715";2.50828390589823;0.0453326508691701;1.2547101047133;0.01;0.01;0.01
"HARV_020-M-12-33-20140812";200;"HARV";"HARV_020";"HARV_020-M-12-33-20140812";0.157225549895742;1.62251819722888;1.25084192316517;"HARV.020.39.12.33.M.20140812";0.059283764992592;0.0453326508691701;1.2547101047133;0.01;0.01;0.01
"HARV_020-M-30-27-20140812";200;"HARV";"HARV_020";"HARV_020-M-30-27-20140812";0.157225549895742;1.62251819722888;1.25084192316517;"HARV.020.41.30.27.M.20140812";0.059283764992592;0.0453326508691701;1.2547101047133;0.01;0.01;0.01
"HARV_020-M-37-22-20140812";200;"HARV";"HARV_020";"HARV_020-M-37-22-20140812";0.157225549895742;1.62251819722888;1.25084192316517;"HARV.020.41.37.22.M.20140812";0.059283764992592;0.0453326508691701;1.2547101047133;0.01;0.01;0.01
"HARV_020-O-12-33-20140812";200;"HARV";"HARV_020";"HARV_020-O-12-33-20140812";0.157225549895742;1.62251819722888;1.25084192316517;"HARV.020.39.12.33.O.20140812";0.059283764992592;0.0453326508691701;1.2547101047133;0.01;0.01;0.01
"HARV_020-O-30-27-20140812";200;"HARV";"HARV_020";"HARV_020-O-30-27-20140812";0.157225549895742;1.62251819722888;1.25084192316517;"HARV.020.41.30.27.O.20140812";0.059283764992592;0.0453326508691701;1.2547101047133;0.01;0.01;0.01
"HARV_020-O-37-22-20140812";200;"HARV";"HARV_020";"HARV_020-O-37-22-20140812";0.157225549895742;1.62251819722888;1.25084192316517;"HARV.020.41.37.22.O.20140812";0.059283764992592;0.0453326508691701;1.2547101047133;0.01;0.01;0.01
"HARV_021-M-3-37-20140717";200;"HARV";"HARV_021";"HARV_021-M-3-37-20140717";0.157225549895742;0.143009694815915;0.381087654636341;"HARV.021.39.3.37.M.20140717";3.12748356474613;0.0453326508691701;1.2547101047133;0.01;0.01;0.01
"HARV_021-M-36-16-20140717";200;"HARV";"HARV_021";"HARV_021-M-36-16-20140717";0.157225549895742;0.238201589476749;0.433795886471918;"HARV.021.23.36.16.M.20140717";3.12748356474613;0.0453326508691701;1.2547101047133;0.01;0.01;0.01
"HARV_021-M-6-12-20140717";200;"HARV";"HARV_021";"HARV_021-M-6-12-20140717";0.157225549895742;0.275805017478128;0.379769948840451;"HARV.021.21.6.12.M.20140717";3.12748356474613;0.0453326508691701;1.2547101047133;0.01;0.01;0.01
"HARV_021-O-3-37-20140717";200;"HARV";"HARV_021";"HARV_021-O-3-37-20140717";0.157225549895742;0.210590680804408;0.396900124187014;"HARV.021.39.3.37.O.20140717";3.12748356474613;0.0453326508691701;1.2547101047133;0.01;0.01;0.01
"HARV_021-O-36-16-20140717";200;"HARV";"HARV_021";"HARV_021-O-36-16-20140717";0.157225549895742;2.3046063684323;1.80682395006881;"HARV.021.23.36.16.O.20140717";3.12748356474613;0.0453326508691701;1.2547101047133;0.01;0.01;0.01
"HARV_033-M-23-30-20140717";200;"HARV";"HARV_033";"HARV_033-M-23-30-20140717";0.157225549895742;0.153002214144953;0.303343012678863;"HARV.033.41.23.30.M.20140717";0.0495916941544656;0.0453326508691701;1.2547101047133;0.01;0.01;0.01
"HARV_033-M-30-38-20140717";200;"HARV";"HARV_033";"HARV_033-M-30-38-20140717";0.157225549895742;0.122761695122865;0.269082661985738;"HARV.033.41.30.38.M.20140717";0.0495916941544656;0.0453326508691701;1.2547101047133;0.01;0.01;0.01
"HARV_033-M-33-4-20140717";200;"HARV";"HARV_033";"HARV_033-M-33-4-20140717";0.157225549895742;0.160891045194194;0.286212837332301;"HARV.033.23.33.4.M.20140717";0.0495916941544656;0.0453326508691701;1.2547101047133;0.01;0.01;0.01
"HARV_033-O-23-30-20140717";200;"HARV";"HARV_033";"HARV_033-O-23-30-20140717";0.157225549895742;1.1370024070202;0.363957479289778;"HARV.033.41.23.30.O.20140717";0.0495916941544656;0.0453326508691701;1.2547101047133;0.01;0.01;0.01
"HARV_033-O-30-38-20140717";200;"HARV";"HARV_033";"HARV_033-O-30-38-20140717";0.157225549895742;1.11491368008233;0.333650245984321;"HARV.033.41.30.38.O.20140717";0.0495916941544656;0.0453326508691701;1.2547101047133;0.01;0.01;0.01
"HARV_034-M-23-8-20140717";200;"HARV";"HARV_034";"HARV_034-M-23-8-20140717";0.157225549895742;0.140117123431194;0.332332540188431;"HARV.034.23.23.8.M.20140717";0.117725457087594;0.0453326508691701;1.2547101047133;0.01;0.01;0.01
"HARV_034-M-31-3-20140717";200;"HARV";"HARV_034";"HARV_034-M-31-3-20140717";0.157225549895742;0.117502474423371;0.348145009739105;"HARV.034.23.31.3.M.20140717";0.117725457087594;0.0453326508691701;1.2547101047133;0.01;0.01;0.01
"HARV_034-O-19-30-20140717";200;"HARV";"HARV_034";"HARV_034-O-19-30-20140717";0.157225549895742;1.14462827703447;0.448290650226702;"HARV.034.39.19.30.O.20140717";0.117725457087594;0.0453326508691701;1.2547101047133;0.01;0.01;0.01
"HARV_035-M-33-17-20140716";200;"HARV";"HARV_035";"HARV_035-M-33-17-20140716";0.157225549895742;11.4473681949691;1.99752001091363;"HARV.035.23.33.17.M.20140716";0.0427324968096684;0.0453326508691701;1.2547101047133;0.01;0.01;0.01
"HARV_035-O-18-37-20140717";200;"HARV";"HARV_035";"HARV_035-O-18-37-20140717";0.157225549895742;1.08993238175974;0.470691648756823;"HARV.035.39.18.37.O.20140717";0.0427324968096684;0.0453326508691701;1.2547101047133;0.01;0.01;0.01
"JERC_001-M-1-6-20140805";200;"JERC";"JERC_001";"JERC_001-M-1-6-20140805";0.01;0.0254661121822337;0.303343012678863;"JERC.001.M.6.1.20140805";0.416418667937631;0.0479067109206599;1.27551144576964;0.01;0.01;0.01
"JERC_001-M-17-34-20140710";200;"JERC";"JERC_001";"JERC_001-M-17-34-20140710";0.0669399609641027;0.118871505779042;0.29945101482681;"JERC.001.39.M.17.34.20140710";0.416418667937631;0.0479067109206599;1.27551144576964;0.01;0.01;0.01
"JERC_001-M-29-2-20140710";200;"JERC";"JERC_001";"JERC_001-M-29-2-20140710";0.0669399609641027;0.118871505779042;0.29945101482681;"JERC.001.23.M.29.2.20140710";0.416418667937631;0.0479067109206599;1.27551144576964;0.01;0.01;0.01
"JERC_001-M-7-5-20140805";200;"JERC";"JERC_001";"JERC_001-M-7-5-20140805";0.01;0.0230994628674616;0.298072189495306;"JERC.001.M.7.5.20140805";0.416418667937631;0.0479067109206599;1.27551144576964;0.01;0.01;0.01
"JERC_001-M-9-17-20140805";200;"JERC";"JERC_001";"JERC_001-M-9-17-20140805";0.01;0.0288846056369045;0.303343012678863;"JERC.001.M.9.17.20140805";0.416418667937631;0.0479067109206599;1.27551144576964;0.01;0.01;0.01
"JERC_002-M-11-0-20140805";200;"JERC";"JERC_002";"JERC_002-M-11-0-20140805";0.01;0.046502994980208;0.412712593737687;"JERC.002.M.11.0.20140805";0.416418667937631;0.0479067109206599;1.27551144576964;0.01;0.01;0.01
"JERC_002-M-12-7-20140710";200;"JERC";"JERC_002";"JERC_002-M-12-7-20140710";0.106746141416247;0.184437038076003;0.416746680469052;"JERC.002.21.M.12.7.20140710";0.416418667937631;0.0479067109206599;1.27551144576964;0.01;0.01;0.01
"JERC_002-M-27-36-20140805";200;"JERC";"JERC_002";"JERC_002-M-27-36-20140805";0.01;0.0307253328817273;0.40612406475824;"JERC.002.M.27.36.20140805";0.416418667937631;0.0479067109206599;1.27551144576964;0.01;0.01;0.01
"JERC_002-M-35-24-20140710";200;"JERC";"JERC_002";"JERC_002-M-35-24-20140710";0.106746141416247;0.184437038076003;0.416746680469052;"JERC.002.41.M.35.24.20140710";0.416418667937631;0.0479067109206599;1.27551144576964;0.01;0.01;0.01
"JERC_003-M-1-7-20140805";200;"JERC";"JERC_003";"JERC_003-M-1-7-20140805";0.01;0.0451881898053346;0.324426305413095;"JERC.003.M.1.7.20140805";0.416418667937631;0.0479067109206599;1.27551144576964;0.01;0.01;0.01
"JERC_003-M-3-26-20140805";200;"JERC";"JERC_003";"JERC_003-M-3-26-20140805";0.01;0.0223105797625375;0.300707601087084;"JERC.003.M.3.26.20140805";0.416418667937631;0.0479067109206599;1.27551144576964;0.01;0.01;0.01
"JERC_003-M-33-0-20140805";200;"JERC";"JERC_003";"JERC_003-M-33-0-20140805";0.01;0.0159995149231452;0.24009313447617;"JERC.003.M.33.0.20140805";0.416418667937631;0.0479067109206599;1.27551144576964;0.01;0.01;0.01
"JERC_005-M-24-40-20140805";200;"JERC";"JERC_005";"JERC_005-M-24-40-20140805";0.01;0.0270438783920818;0.47728017773627;"JERC.005.M.24.40.20140805";0.416418667937631;0.0479067109206599;1.27551144576964;0.01;0.01;0.01
"JERC_005-M-33-2-20140805";200;"JERC";"JERC_005";"JERC_005-M-33-2-20140805";0.01;0.0370363977211196;0.40744177055413;"JERC.005.M.33.2.20140805";0.416418667937631;0.0479067109206599;1.27551144576964;0.01;0.01;0.01
"JERC_005-M-4-9-20140805";200;"JERC";"JERC_005";"JERC_005-M-4-9-20140805";0.01;0.0417696963506638;0.574790406632089;"JERC.005.M.4.9.20140805";0.416418667937631;0.0479067109206599;1.27551144576964;0.01;0.01;0.01
"JERC_006-M-15-33-20140710";200;"JERC";"JERC_006";"JERC_006-M-15-33-20140710";0.0898060461691238;0.098914558264458;2.01630014678825;"JERC.006.39.M.15.33.20140710";0.416418667937631;0.0479067109206599;1.27551144576964;0.01;0.01;0.01
"JERC_006-M-2-0-20140805";200;"JERC";"JERC_006";"JERC_006-M-2-0-20140805";0.01;0.0299364497768032;0.403488653166461;"JERC.006.M.2.0.20140805";0.416418667937631;0.0479067109206599;1.27551144576964;0.01;0.01;0.01
"JERC_006-M-21-39-20140710";200;"JERC";"JERC_006";"JERC_006-M-21-39-20140710";0.0898060461691238;0.098914558264458;2.01630014678825;"JERC.006.41.M.21.39.20140710";0.416418667937631;0.0479067109206599;1.27551144576964;0.01;0.01;0.01
"JERC_006-M-2-33-20140710";200;"JERC";"JERC_006";"JERC_006-M-2-33-20140710";0.0898060461691238;0.098914558264458;2.01630014678825;"JERC.006.39.M.2.33.20140710";0.416418667937631;0.0479067109206599;1.27551144576964;0.01;0.01;0.01
"JERC_006-M-39-30-20140805";200;"JERC";"JERC_006";"JERC_006-M-39-30-20140805";0.01;0.098914558264458;2.01630014678825;"JERC.006.39.M.30.20140805";0.416418667937631;0.0479067109206599;1.27551144576964;0.01;0.01;0.01
"JERC_006-M-8-11-20140805";200;"JERC";"JERC_006";"JERC_006-M-8-11-20140805";0.01;0.0330919821964994;0.379769948840451;"JERC.006.M.8.11.20140805";0.416418667937631;0.0479067109206599;1.27551144576964;0.01;0.01;0.01
"JERC_008-M-23-30-20140805";200;"JERC";"JERC_008";"JERC_008-M-23-30-20140805";0.01;0.0194180083778161;0.357368950310331;"JERC.008.M.23.30.20140805";0.416418667937631;0.0479067109206599;1.27551144576964;0.01;0.01;0.01
"JERC_008-M-33-4-20140805";200;"JERC";"JERC_008";"JERC_008-M-33-4-20140805";0.01;0.0344067873713728;0.385040772024009;"JERC.008.M.33.4.20140805";0.416418667937631;0.0479067109206599;1.27551144576964;0.01;0.01;0.01
"JERC_047-M-3-32-20140805";200;"JERC";"JERC_047";"JERC_047-M-3-32-20140805";0.106922029018122;0.0330919821964994;0.366592890881557;"JERC.047.M.3.37.20140805";2.34230117417924;0.0479067109206599;1.27551144576964;0.01;0.01;0.01
"JERC_047-M-36-16-20140805";200;"JERC";"JERC_047";"JERC_047-M-36-16-20140805";0.01;0.0228365018324869;0.349462715534994;"JERC.047.M.36.16.20140805";2.34230117417924;0.0479067109206599;1.27551144576964;0.01;0.01;0.01
"JERC_047-M-6-12-20140805";200;"JERC";"JERC_047";"JERC_047-M-6-12-20140805";0.01;0.0117921383635504;0.26512954459807;"JERC.047.M.6.12.20140805";2.34230117417924;0.0479067109206599;1.27551144576964;0.01;0.01;0.01
"JERC_048-M-19-30-20140805";200;"JERC";"JERC_048";"JERC_048-M-19-30-20140805";0.01;0.0315142159866513;0.396900124187014;"JERC.048.M.19.30.20140805";2.55294247731666;0.0479067109206599;1.27551144576964;0.01;0.01;0.01
"JERC_048-M-27-8-20140805";200;"JERC";"JERC_048";"JERC_048-M-27-8-20140805";0.0857640598106387;0.177422443656515;3.96254121136035;"JERC.048.M.23.8.20140805";2.55294247731666;0.0479067109206599;1.27551144576964;0.01;0.01;0.01
"JERC_048-M-31-3-20140805";200;"JERC";"JERC_048";"JERC_048-M-31-3-20140805";0.01;0.0362475146161955;0.342874186555547;"JERC.048.M.31.3.20140805";2.55294247731666;0.0479067109206599;1.27551144576964;0.01;0.01;0.01
"JERC_049-M-18-17-20140805";200;"JERC";"JERC_049";"JERC_049-M-18-17-20140805";0.153289777308923;0.0267809173571071;0.360004361902109;"JERC.048.M.18.37.20140805";2.61919084111806;0.0479067109206599;1.27551144576964;0.01;0.01;0.01
"JERC_049-M-2-27-20140805";200;"JERC";"JERC_049";"JERC_049-M-2-27-20140805";0.01;0.0575473584491445;0.472009354552712;"JERC.049.M.2.27.20140805";2.61919084111806;0.0479067109206599;1.27551144576964;0.01;0.01;0.01
"ORNL_001-O-17-34-20140715";200;"ORNL";"ORNL_001";"ORNL_001-O-17-34-20140715";0.01;0.0954137474854984;0.249317075047396;"ORNL.001.O.17.34.20140715";0.0627884943916606;0.0477739387676198;1.27665729499258;0.01;0.01;0.01
"ORNL_002-O-5-26-20140714";200;"ORNL";"ORNL_002";"ORNL_002-O-5-26-20140714";0.01;0.108561799234232;0.275671190965185;"ORNL.002.O.3.26.20140714";0.041511868367274;0.0477739387676198;1.27665729499258;0.01;0.01;0.01
"ORNL_003-O-9-11-20140714";200;"ORNL";"ORNL_003";"ORNL_003-O-9-11-20140714";0.01;0.107772916129308;0.294119072107637;"ORNL.003.O.9.11.20140714";0.188903284695108;0.0477739387676198;1.27665729499258;0.01;0.01;0.01
"ORNL_021-O-15-33-20140714";200;"ORNL";"ORNL_021";"ORNL_021-O-15-33-20140714";0.01;0.129598682032207;0.184749491048813;"ORNL.021.O.15.33.20140714";0.0674907042224418;0.0477739387676198;1.27665729499258;0.01;0.01;0.01
"ORNL_027-O-2-33-20140715";200;"ORNL";"ORNL_027";"ORNL_027-O-2-33-20140715";1.04063283480555;0.115661747178549;0.222962959129607;"ORNL.027.O.33.2.20140715";0.0633230900151246;0.0477739387676198;1.27665729499258;0.01;0.01;0.01
"ORNL_029-O-9-2-20140714";200;"ORNL";"ORNL_029";"ORNL_029-O-9-2-20140714";0.01;0.161679928299118;0.221645253333718;"ORNL.029.O.9.2.20140714";0.0406910431020561;0.0477739387676198;1.27665729499258;0.01;0.01;0.01
"ORNL_031-O-11-3-20140714";200;"ORNL";"ORNL_031";"ORNL_031-O-11-3-20140714";0.01;0.0927841371357516;0.171572433089919;"ORNL.031.O.11.3.20140714";1.03080249701543e-13;0.0477739387676198;1.27665729499258;0.01;0.01;0.01
"ORNL_037-O-4-23-20140715";200;"ORNL";"ORNL_037";"ORNL_037-O-4-23-20140715";0.01;0.215323979433952;0.344191892351436;"ORNL.037.O.4.23.20140715";0.0625329673471973;0.0477739387676198;1.27665729499258;0.01;0.01;0.01
"ORNL_043-O-2-27-20140715";200;"ORNL";"ORNL_043";"ORNL_043-O-2-27-20140715";0.01;1.07015429702361;4.49120162434531;"ORNL.043.O.2.27.20140715";0.0500011409922351;0.0477739387676198;1.27665729499258;0.01;0.01;0.01
"OSBS_001-M-17-34-20140701";200;"OSBS";"OSBS_001";"OSBS_001-M-17-34-20140701";0.01;0.451995384962656;4.62790267884839;"OSBS.001.39.M.17.34.20140701";0.741075605798736;0.0456156464859386;1.23134680302411;0.01;0.01;0.01
"OSBS_001-M-17-34-20140818";200;"OSBS";"OSBS_001";"OSBS_001-M-17-34-20140818";0.10322431262945;0.0430845015255372;0.38372306622812;"OSBS.001.39.M.17.34.20140818";0.741075605798736;0.0456156464859386;1.23134680302411;0.01;0.01;0.01
"OSBS_001-M-26-3-20140701";200;"OSBS";"OSBS_001";"OSBS_001-M-26-3-20140701";0.01;0.451995384962656;4.62790267884839;"OSBS.001.23.M.26.3.20140701";0.741075605798736;0.0456156464859386;1.23134680302411;0.01;0.01;0.01
"OSBS_001-M-26-3-20140818";200;"OSBS";"OSBS_001";"OSBS_001-M-26-3-20140818";0.10322431262945;0.0354586315112715;0.378452243044562;"OSBS.001.23.M.26.3.20140818";0.741075605798736;0.0456156464859386;1.23134680302411;0.01;0.01;0.01
"OSBS_001-M-29-2-20140701";200;"OSBS";"OSBS_001";"OSBS_001-M-29-2-20140701";0.10322431262945;0.451995384962656;4.62790267884839;"OSBS.001.23.M.29.2.20140701";0.741075605798736;0.0456156464859386;1.23134680302411;0.01;0.01;0.01
"OSBS_001-M-29-2-20140818";200;"OSBS";"OSBS_001";"OSBS_001-M-29-2-20140818";0.01;0.0230994628674616;0.324426305413095;"OSBS.001.23.M.29.2.20140818";0.741075605798736;0.0456156464859386;1.23134680302411;0.01;0.01;0.01
"OSBS_002-M-12-7-20140701";200;"OSBS";"OSBS_002";"OSBS_002-M-12-7-20140701";0.01;0.328465645823224;6.15791610129706;"OSBS.002.21.M.12.7.20140701";2.56231407133595;0.0456156464859386;1.23134680302411;0.01;0.01;0.01
"OSBS_002-M-12-7-20140818";200;"OSBS";"OSBS_002";"OSBS_002-M-12-7-20140818";0.124867201172113;0.0238883459723856;0.478597883532159;"OSBS.002.21.M.12.7.20140818";2.56231407133595;0.0456156464859386;1.23134680302411;0.01;0.01;0.01
"OSBS_002-M-35-24-20140701";200;"OSBS";"OSBS_002";"OSBS_002-M-35-24-20140701";0.124867201172113;0.328465645823224;6.15791610129706;"OSBS.002.41.M.35.24.20140701";2.56231407133595;0.0456156464859386;1.23134680302411;0.01;0.01;0.01
"OSBS_002-M-35-24-20140818";200;"OSBS";"OSBS_002";"OSBS_002-M-35-24-20140818";0.01;0.018629125272892;0.390311595207567;"OSBS.002.41.M.35.24.20140818";2.56231407133595;0.0456156464859386;1.23134680302411;0.01;0.01;0.01
"OSBS_002-M-5-26-20140701";200;"OSBS";"OSBS_002";"OSBS_002-M-5-26-20140701";0.124867201172113;0.328465645823224;6.15791610129706;"OSBS.002.39.M.5.26.20140701";2.56231407133595;0.0456156464859386;1.23134680302411;0.01;0.01;0.01
"OSBS_003-M-17-9-20140701";200;"OSBS";"OSBS_003";"OSBS_003-M-17-9-20140701";0.01;0.339792289119367;3.98246994430847;"OSBS.003.21.M.17.9.20140701";0.15413377643854;0.0456156464859386;1.23134680302411;0.01;0.01;0.01
"OSBS_003-M-17-9-20140818";200;"OSBS";"OSBS_003";"OSBS_003-M-17-9-20140818";0.138058287810119;0.039928969105841;0.456196885002039;"OSBS.003.21.M.17.9.20140818";0.15413377643854;0.0456156464859386;1.23134680302411;0.01;0.01;0.01
"OSBS_003-M-29-37-20140701";200;"OSBS";"OSBS_003";"OSBS_003-M-29-37-20140701";0.01;0.339792289119367;3.98246994430847;"OSBS.003.41.M.29.27.20140701";0.15413377643854;0.0456156464859386;1.23134680302411;0.01;0.01;0.01
"OSBS_003-M-29-37-20140818";200;"OSBS";"OSBS_003";"OSBS_003-M-29-37-20140818";0.138058287810119;0.0296734887418286;0.408759476350019;"OSBS.003.M.41.29.20140818";0.15413377643854;0.0456156464859386;1.23134680302411;0.01;0.01;0.01
"OSBS_003-M-9-11-20140701";200;"OSBS";"OSBS_003";"OSBS_003-M-9-11-20140701";0.138058287810119;0.339792289119367;3.98246994430847;"OSBS.003.21.M.9.11.20140701";0.15413377643854;0.0456156464859386;1.23134680302411;0.01;0.01;0.01
"OSBS_003-M-9-11-20140818";200;"OSBS";"OSBS_003";"OSBS_003-M-9-11-20140818";0.01;0.0286216446019298;0.416665711125356;"OSBS.003.21.M.9.11.20140818";0.15413377643854;0.0456156464859386;1.23134680302411;0.01;0.01;0.01
"OSBS_022-M-15-33-20140701";200;"OSBS";"OSBS_022";"OSBS_022-M-15-33-20140701";0.515520377478628;1.74787326207347;7.00102390072921;"OSBS.022.39.M.15.33.20140701";3.02537874994156;0.0456156464859386;1.23134680302411;0.01;0.01;0.01
"OSBS_022-M-21-39-20140701";200;"OSBS";"OSBS_022";"OSBS_022-M-21-39-20140701";0.01;1.74787326207347;7.00102390072921;"OSBS.022.41.M.21.39.20140701";3.02537874994156;0.0456156464859386;1.23134680302411;0.01;0.01;0.01
"OSBS_022-M-2-33-20140701";200;"OSBS";"OSBS_022";"OSBS_022-M-2-33-20140701";0.515520377478628;1.74787326207347;7.00102390072921;"OSBS.022.30.M.2.33.20140701";3.02537874994156;0.0456156464859386;1.23134680302411;0.01;0.01;0.01
"SCBI_002-M-1-6-20140715";200;"SCBI";"SCBI_002";"SCBI_002-M-1-6-20140715";0.01;0.433361905974233;0.939963081344594;"SCBI.002.21.M.1.6.20140715";0.0708277406597597;0.0487004297610241;1.21466623151983;0.01;0.01;0.01
"SCBI_002-M-26-3-20140618";200;"SCBI";"SCBI_002";"SCBI_002-M-26-3-20140618";0.01;0.433361905974233;0.939963081344594;"SCBI.002.23.M.26.3.20140618";0.0708277406597597;0.0487004297610241;1.21466623151983;0.01;0.01;0.01
"SCBI_002-M-7-5-20140715";200;"SCBI";"SCBI_002";"SCBI_002-M-7-5-20140715";0.01;0.433361905974233;0.939963081344594;"SCBI.002.21.M.7.5.20140715";0.0708277406597597;0.0487004297610241;1.21466623151983;0.01;0.01;0.01
"SCBI_002-M-9-17-20140715";200;"SCBI";"SCBI_002";"SCBI_002-M-9-17-20140715";0.01;0.433361905974233;0.939963081344594;"SCBI.002.21.M.9.17.20140715";0.0708277406597597;0.0487004297610241;1.21466623151983;0.01;0.01;0.01
"SCBI_003-M-11-0-20140715";200;"SCBI";"SCBI_003";"SCBI_003-M-11-0-20140715";0.01;0.445778318073809;1.15438566782842;"SCBI.003.21.M.11.0.20140715";0.0628944303584136;0.0487004297610241;1.21466623151983;0.01;0.01;0.01
"SCBI_003-M-13-6-20140618";200;"SCBI";"SCBI_003";"SCBI_003-M-13-6-20140618";0.01;0.445778318073809;1.15438566782842;"SCBI.003.21.M.13.6.20140618";0.0628944303584136;0.0487004297610241;1.21466623151983;0.01;0.01;0.01
"SCBI_003-M-27-36-20140715";200;"SCBI";"SCBI_003";"SCBI_003-M-27-36-20140715";0.01;0.445778318073809;1.15438566782842;"SCBI.003.41.M.27.36.20140715";0.0628944303584136;0.0487004297610241;1.21466623151983;0.01;0.01;0.01
"SCBI_003-M-30-5-20140715";200;"SCBI";"SCBI_003";"SCBI_003-M-30-5-20140715";0.01;0.445778318073809;1.15438566782842;"SCBI.003.23.M.30.5.20140715";0.0628944303584136;0.0487004297610241;1.21466623151983;0.01;0.01;0.01
"SCBI_003-M-35-24-20140618";200;"SCBI";"SCBI_003";"SCBI_003-M-35-24-20140618";0.01;0.445778318073809;1.15438566782842;"SCBI.003.41.M.35.24.20140618";0.0628944303584136;0.0487004297610241;1.21466623151983;0.01;0.01;0.01
"SCBI_003-M-5-26-20140618";200;"SCBI";"SCBI_003";"SCBI_003-M-5-26-20140618";0.01;0.445778318073809;1.15438566782842;"SCBI.003.39.M.5.26.20140618";0.0628944303584136;0.0487004297610241;1.21466623151983;0.01;0.01;0.01
"SCBI_006-M-15-7-20140827";200;"SCBI";"SCBI_006";"SCBI_006-M-15-7-20140827";0.01;0.0365104756511702;0.174207844681698;"SCBI.006.21.M.15.7.20140827";0.737188603016205;0.0487004297610241;1.21466623151983;0.01;0.01;0.01
"SCBI_006-M-1-7-20140715";200;"SCBI";"SCBI_006";"SCBI_006-M-1-7-20140715";0.01;0.216650939568484;0.126121953933537;"SCBI.006.21.M.1.7.20140715";0.737188603016205;0.0487004297610241;1.21466623151983;0.01;0.01;0.01
"SCBI_006-M-17-9-20140618";200;"SCBI";"SCBI_006";"SCBI_006-M-17-9-20140618";0.01;0.216650939568484;0.126121953933537;"SCBI.006.21.M.17.9.20140618";0.737188603016205;0.0487004297610241;1.21466623151983;0.01;0.01;0.01
"SCBI_006-M-27-2-20140715";200;"SCBI";"SCBI_006";"SCBI_006-M-27-2-20140715";0.01;0.216650939568484;0.126121953933537;"SCBI.006.23.M.27.2.20140715";0.737188603016205;0.0487004297610241;1.21466623151983;0.01;0.01;0.01
"SCBI_006-M-29-37-20140618";200;"SCBI";"SCBI_006";"SCBI_006-M-29-37-20140618";0.01;0.216650939568484;0.126121953933537;"SCBI.006.41.M.29.37.20140618";0.737188603016205;0.0487004297610241;1.21466623151983;0.01;0.01;0.01
"SCBI_006-M-3-26-20140715";200;"SCBI";"SCBI_006";"SCBI_006-M-3-26-20140715";0.01;0.216650939568484;0.126121953933537;"SCBI.006.39.M.3.26.20140715";0.737188603016205;0.0487004297610241;1.21466623151983;0.01;0.01;0.01
"SCBI_006-M-33-11-20140826";200;"SCBI";"SCBI_006";"SCBI_006-M-33-11-20140826";0.01;0.0612288129387901;0.172890138885808;"SCBI.006.23.M.33.11.20140826";0.737188603016205;0.0487004297610241;1.21466623151983;0.01;0.01;0.01
"SCBI_006-M-4-7-20140826";200;"SCBI";"SCBI_006";"SCBI_006-M-4-7-20140826";0.01;0.0504474105048282;0.17025472729403;"SCBI.006.21.M.4.7.20140826";0.737188603016205;0.0487004297610241;1.21466623151983;0.01;0.01;0.01
"SCBI_006-M-9-11-20140618";200;"SCBI";"SCBI_006";"SCBI_006-M-9-11-20140618";0.01;0.216650939568484;0.126121953933537;"SCBI.006.21.M.9.11.20140618";0.737188603016205;0.0487004297610241;1.21466623151983;0.01;0.01;0.01
"SCBI_012-M-0-30-20140825";200;"SCBI";"SCBI_012";"SCBI_012-M-0-30-20140825";0.01;0.0470289170501574;0.172890138885808;"SCBI.012.39.M.0.30.20140825";0.737188603016205;0.0487004297610241;1.21466623151983;0.01;0.01;0.01
"SCBI_012-M-15-33-20140618";200;"SCBI";"SCBI_012";"SCBI_012-M-15-33-20140618";0.01;0.165901426265156;0.26942993496853;"SCBI.012.39.M.15.33.20140618";0.737188603016205;0.0487004297610241;1.21466623151983;0.01;0.01;0.01
"SCBI_012-M-16-7-20140825";200;"SCBI";"SCBI_012";"SCBI_012-M-16-7-20140825";0.01;0.0422956184206132;0.166301609906361;"SCBI.012.21.M.16.7.20140825";0.737188603016205;0.0487004297610241;1.21466623151983;0.01;0.01;0.01
"SCBI_012-M-21-38-20140715";200;"SCBI";"SCBI_012";"SCBI_012-M-21-38-20140715";0.01;0.165901426265156;0.26942993496853;"SCBI.012.41.M.21.38.20140715";0.737188603016205;0.0487004297610241;1.21466623151983;0.01;0.01;0.01
"SCBI_012-M-21-39-20140618";200;"SCBI";"SCBI_012";"SCBI_012-M-21-39-20140618";0.01;0.165901426265156;0.26942993496853;"SCBI.012.41.M.21.39.20140618";0.737188603016205;0.0487004297610241;1.21466623151983;0.01;0.01;0.01
"SCBI_012-M-23-28-20140825";200;"SCBI";"SCBI_012";"SCBI_012-M-23-28-20140825";0.0400715527483355;0.0344067873713728;0.174207844681698;"SCBI.012.41.M.23.38.20140827";0.737188603016205;0.0487004297610241;1.21466623151983;0.01;0.01;0.01
"SCBI_012-M-2-33-20140618";200;"SCBI";"SCBI_012";"SCBI_012-M-2-33-20140618";0.01;0.165901426265156;0.26942993496853;"SCBI.012.39.M.2.33.20140618";0.737188603016205;0.0487004297610241;1.21466623151983;0.01;0.01;0.01
"SCBI_012-M-33-4-20140715";200;"SCBI";"SCBI_012";"SCBI_012-M-33-4-20140715";0.01;0.165901426265156;0.26942993496853;"SCBI.012.23.M.33.4.20140715";0.737188603016205;0.0487004297610241;1.21466623151983;0.01;0.01;0.01
"SCBI_033-M-36-16-20140826";200;"SCBI";"SCBI_033";"SCBI_033-M-36-16-20140826";0.01;0.0409808132457398;0.17025472729403;"SCBI.033.23.M.36.16.20140826";0.737188603016205;0.0487004297610241;1.21466623151983;0.01;0.01;0.01
"SCBI_033-M-4-38-20140826";200;"SCBI";"SCBI_033";"SCBI_033-M-4-38-20140826";0.01;0.0722731764077266;0.183431785252924;"SCBI.033.39.M.4.38.20140826";0.737188603016205;0.0487004297610241;1.21466623151983;0.01;0.01;0.01
"SCBI_033-M-6-12-20140826";200;"SCBI";"SCBI_033";"SCBI_033-M-6-12-20140826";0.01;0.0725361374427013;0.174207844681698;"SCBI.033.21.M.6.12.20140826";0.737188603016205;0.0487004297610241;1.21466623151983;0.01;0.01;0.01
"SCBI_045-M-23-30-20140825";200;"SCBI";"SCBI_045";"SCBI_045-M-23-30-20140825";0.01;0.0643843453584862;0.19265572582415;"SCBI.045.41.M.23.30.20140825";1.03080249701543e-13;0.0487004297610241;1.21466623151983;0.01;0.01;0.01
"SCBI_045-M-30-38-20140825";200;"SCBI";"SCBI_045";"SCBI_045-M-30-38-20140825";0.01;0.0572843974141699;0.19265572582415;"SCBI.045.41.M.30.38.20140825";1.03080249701543e-13;0.0487004297610241;1.21466623151983;0.01;0.01;0.01
"STER_005-M-0-30-20140820";200;"STER";"STER_005";"STER_005-M-0-30-20140820";0.01;0.0901343826455542;0.862430138559948;"STER.005.M.0.30.20140820";0.01;0.0515272160005895;1.26732644746863;0.01;0.01;0.01
"STER_005-M-16-7-20140820";200;"STER";"STER_005";"STER_005-M-16-7-20140820";0.01;0.0901343826455542;0.862430138559948;"STER.005.M.16.7.20140820";0.01;0.0515272160005895;1.26732644746863;0.01;0.01;0.01
"STER_005-M-23-38-20140820";200;"STER";"STER_005";"STER_005-M-23-38-20140820";0.01;0.0901343826455542;0.862430138559948;"STER.005.M.23.38.20140820";0.01;0.0515272160005895;1.26732644746863;0.01;0.01;0.01
"STER_006-M-1-6-20140722";200;"STER";"STER_006";"STER_006-M-1-6-20140722";0.01;0.0901343826455542;0.862430138559948;"STER.006.M.1.6.20140722";0.01;0.0515272160005895;1.26732644746863;0.01;0.01;0.01
"STER_006-M-22-32-20140820";200;"STER";"STER_006";"STER_006-M-22-32-20140820";0.01;0.0901343826455542;0.862430138559948;"STER.006.M.22.32.20140820";0.01;0.0515272160005895;1.26732644746863;0.01;0.01;0.01
"STER_006-M-30-37-20140820";200;"STER";"STER_006";"STER_006-M-30-37-20140820";0.01;0.0901343826455542;0.862430138559948;"STER.006.M.30.37.20140820";0.01;0.0515272160005895;1.26732644746863;0.01;0.01;0.01
"STER_006-M-7-0-20140820";200;"STER";"STER_006";"STER_006-M-7-0-20140820";0.01;0.0901343826455542;0.862430138559948;"STER.006.M.7.0.20140820";0.01;0.0515272160005895;1.26732644746863;0.01;0.01;0.01
"STER_006-M-7-5-20140722";200;"STER";"STER_006";"STER_006-M-7-5-20140722";0.01;0.0901343826455542;0.862430138559948;"STER.006.M.7.5.20140722";0.01;0.0515272160005895;1.26732644746863;0.01;0.01;0.01
"STER_018-M-15-7-20140820";200;"STER";"STER_018";"STER_018-M-15-7-20140820";0.01;0.0901343826455542;0.862430138559948;"STER.018.M.15.7.20140820";0.01;0.0515272160005895;1.26732644746863;0.01;0.01;0.01
"STER_018-M-4-7-20140820";200;"STER";"STER_018";"STER_018-M-4-7-20140820";0.01;0.0901343826455542;0.862430138559948;"STER.018.M.4.7.20140820";0.01;0.0515272160005895;1.26732644746863;0.01;0.01;0.01
"STER_026-M-10-34-20140820";200;"STER";"STER_026";"STER_026-M-10-34-20140820";0.01;0.186525382741219;1.32765722732693;"STER.026.M.10.34.20140820";0.01;0.0515272160005895;1.26732644746863;0.01;0.01;0.01
"STER_026-M-11-0-20140722";200;"STER";"STER_026";"STER_026-M-11-0-20140722";0.01;0.0407178522107651;0.222962959129607;"STER.026.M.11.0.20140722";0.01;0.0515272160005895;1.26732644746863;0.01;0.01;0.01
"STER_026-M-25-6-20140820";200;"STER";"STER_026";"STER_026-M-25-6-20140820";0.01;0.186525382741219;1.32765722732693;"STER.026.M.25.6.20140820";0.01;0.0515272160005895;1.26732644746863;0.01;0.01;0.01
"STER_026-M-27-36-20140722";200;"STER";"STER_026";"STER_026-M-27-36-20140722";0.01;0.0470289170501574;0.234822311292612;"STER.026.M.27.36.20140722";0.01;0.0515272160005895;1.26732644746863;0.01;0.01;0.01
"STER_026-M-30-5-20140723";200;"STER";"STER_026";"STER_026-M-30-5-20140723";0.01;0.0462400339452333;0.250634780843286;"STER.026.M.30.5.20140722";0.01;0.0515272160005895;1.26732644746863;0.01;0.01;0.01
"STER_026-M-9-4-20140820";200;"STER";"STER_026";"STER_026-M-9-4-20140820";0.01;0.186525382741219;1.32765722732693;"STER.026.M.9.4.20140820";0.01;0.0515272160005895;1.26732644746863;0.01;0.01;0.01
"STER_027-M-33-0-20140723";200;"STER";"STER_027";"STER_027-M-33-0-20140723";0.01;0.038351202895993;0.230869193904944;"STER.027.M.33.0.20140723";0.01;0.0515272160005895;1.26732644746863;0.01;0.01;0.01
"STER_028-M-20-40-20140722";200;"STER";"STER_028";"STER_028-M-20-40-20140722";0.01;0.0288846056369045;0.163666198314582;"STER.028.M.20.40.20140722";0.01;0.0515272160005895;1.26732644746863;0.01;0.01;0.01
"STER_028-M-21-38-20140722";200;"STER";"STER_028";"STER_028-M-21-38-20140722";0.01;0.03256606012655;0.182114079457035;"STER.028.M.21.38.20140722";0.01;0.0515272160005895;1.26732644746863;0.01;0.01;0.01
"STER_028-M-33-4-20140722";200;"STER";"STER_028";"STER_028-M-33-4-20140722";0.01;0.0338808653014234;0.205832783783045;"STER.028.M.33.4.20140722";0.01;0.0515272160005895;1.26732644746863;0.01;0.01;0.01
"STER_033-M-23-30-20140723";200;"STER";"STER_033";"STER_033-M-23-30-20140723";0.01;0.0307253328817273;0.187384902640592;"STER.033.M.23.30.20140723";0.01;0.0515272160005895;1.26732644746863;0.01;0.01;0.01
"STER_033-M-30-38-20140723";200;"STER";"STER_033";"STER_033-M-30-38-20140723";0.01;0.030988293916702;0.190020314232371;"STER.033.M.30.38.20140723";0.01;0.0515272160005895;1.26732644746863;0.01;0.01;0.01
"STER_033-M-33-4-20140723";200;"STER";"STER_033";"STER_033-M-33-4-20140723";0.01;0.0283586835669552;0.213739018558381;"STER.033.M.33.4.20140723";0.01;0.0515272160005895;1.26732644746863;0.01;0.01;0.01
"STER_034-M-19-30-20140723";200;"STER";"STER_034";"STER_034-M-19-30-20140723";0.01;0.0386141639309677;0.232186899700833;"STER.034.M.19.30.20140723";0.01;0.0515272160005895;1.26732644746863;0.01;0.01;0.01
"STER_035-M-33-17-20140723";200;"STER";"STER_035";"STER_035-M-33-17-20140723";0.01;0.0175772811329933;0.124135024437899;"STER.035.M.33.17.20140723";0.01;0.0515272160005895;1.26732644746863;0.01;0.01;0.01
"TALL_001-M-2-23-20140903";200;"TALL";"TALL_001";"TALL_001-M-2-23-20140903";0.01;1.46090622664969;3.58436437407117;"TALL.001.21.M.2.23";0.0691007941539703;0.0475811531971605;1.30142497460976;0.01;0.01;0.01
"TALL_001-M-28-23-20140903";200;"TALL";"TALL_001";"TALL_001-M-28-23-20140903";0.01;1.46090622664969;3.58436437407117;"TALL.001.41.M.38.23";0.0691007941539703;0.0475811531971605;1.30142497460976;0.01;0.01;0.01
"TALL_001-O-2-23-20140903";200;"TALL";"TALL_001";"TALL_001-O-2-23-20140903";0.01;1.46090622664969;3.58436437407117;"TALL.001.21.O.2.23";0.0691007941539703;0.0475811531971605;1.30142497460976;0.01;0.01;0.01
"TALL_001-O-27-7-20140903";200;"TALL";"TALL_001";"TALL_001-O-27-7-20140903";0.01;1.46090622664969;3.58436437407117;"TALL.001.23.O.27.7";0.0691007941539703;0.0475811531971605;1.30142497460976;0.01;0.01;0.01
"TALL_001-O-28-23-20140903";200;"TALL";"TALL_001";"TALL_001-O-28-23-20140903";0.01;1.46090622664969;3.58436437407117;"TALL.001.41.O.38.23";0.0691007941539703;0.0475811531971605;1.30142497460976;0.01;0.01;0.01
"TALL_002-M-36-24-20140903";200;"TALL";"TALL_002";"TALL_002-M-36-24-20140903";0.01;0.910728362449976;2.0908542977588;"TALL.002.41.M.36.24";0.0688534166366104;0.0475811531971605;1.30142497460976;0.01;0.01;0.01
"TALL_002-M-8-40-20140903";200;"TALL";"TALL_002";"TALL_002-M-8-40-20140903";0.01;0.910728362449976;2.0908542977588;"TALL.002.39.M.8.40";0.0688534166366104;0.0475811531971605;1.30142497460976;0.01;0.01;0.01
"TALL_002-M-8-8-20140903";200;"TALL";"TALL_002";"TALL_002-M-8-8-20140903";0.01;0.910728362449976;2.0908542977588;"TALL.002.21.M.8.8";0.0688534166366104;0.0475811531971605;1.30142497460976;0.01;0.01;0.01
"TALL_002-O-36-24-20140903";200;"TALL";"TALL_002";"TALL_002-O-36-24-20140903";0.0862557826317124;0.910728362449976;2.0908542977588;"TALL.002.41.O.36.24";0.0688534166366104;0.0475811531971605;1.30142497460976;0.01;0.01;0.01
"TALL_004-M-16-36-20140903";200;"TALL";"TALL_004";"TALL_004-M-16-36-20140903";0.01;0.882075172776795;3.90330380247295;"TALL.004.39.M.16.36";2.67114374943416;0.0475811531971605;1.30142497460976;0.01;0.01;0.01
"TALL_004-M-34-40-20140903";200;"TALL";"TALL_004";"TALL_004-M-34-40-20140903";0.01;0.882075172776795;3.90330380247295;"TALL.004.41.M.34.40";2.67114374943416;0.0475811531971605;1.30142497460976;0.01;0.01;0.01
"TALL_004-M-38-6-20140903";200;"TALL";"TALL_004";"TALL_004-M-38-6-20140903";0.01;0.882075172776795;3.90330380247295;"TALL.004.23.M.38.6";2.67114374943416;0.0475811531971605;1.30142497460976;0.01;0.01;0.01
"TALL_006-M-14-30-20140903";200;"TALL";"TALL_006";"TALL_006-M-14-30-20140903";0.01;1.2023059543168;3.05843375760209;"TALL.006.39.M.14.30";0.0901084519511866;0.0475811531971605;1.30142497460976;0.01;0.01;0.01
"TALL_006-M-14-6-20140903";200;"TALL";"TALL_006";"TALL_006-M-14-6-20140903";0.01;1.2023059543168;3.05843375760209;"TALL.006.21.M.14.6";0.0901084519511866;0.0475811531971605;1.30142497460976;0.01;0.01;0.01
"TALL_006-M-26-35-20140903";200;"TALL";"TALL_006";"TALL_006-M-26-35-20140903";0.01;1.2023059543168;3.05843375760209;"TALL.006.41.M.26.35";0.0901084519511866;0.0475811531971605;1.30142497460976;0.01;0.01;0.01
"UNDE_001-M-22-32-20140708";200;"UNDE";"UNDE_001";"UNDE_001-M-22-32-20140708";0.100724215132608;0.133017175486878;0.378452243044562;"UNDE.001.41.22.32.20140708.M";0.588129997878668;0.0467449076085324;1.2129829206652;0.01;0.01;0.01
"UNDE_001-M-7-0-20140708";200;"UNDE";"UNDE_001";"UNDE_001-M-7-0-20140708";0.100724215132608;0.0701694881279292;0.259858721414512;"UNDE.001.21.7.0.20140708.M";0.588129997878668;0.0467449076085324;1.2129829206652;0.01;0.01;0.01
"UNDE_001-O-30-37-20140708";200;"UNDE";"UNDE_001";"UNDE_001-O-30-37-20140708";0.100724215132608;0.749397841467526;0.242728546067949;"UNDE.001.41.30.37.20140708.O";0.588129997878668;0.0467449076085324;1.2129829206652;0.01;0.01;0.01
"UNDE_006-M-10-34-20140707";200;"UNDE";"UNDE_006";"UNDE_006-M-10-34-20140707";0.149532504244162;0.066225072603309;0.221645253333718;"UNDE.006.39.10.34.20140707.M";0.588129997878668;0.0467449076085324;1.2129829206652;0.01;0.01;0.01
"UNDE_006-M-25-6-20140707";200;"UNDE";"UNDE_006";"UNDE_006-M-25-6-20140707";0.149532504244162;0.0283586835669552;0.149171434559798;"UNDE.006.23.25.6.20140707.M";0.588129997878668;0.0467449076085324;1.2129829206652;0.01;0.01;0.01
"UNDE_006-M-9-4-20140707";200;"UNDE";"UNDE_006";"UNDE_006-M-9-4-20140707";0.149532504244162;0.105932188884486;0.259858721414512;"UNDE.006.21.9.4.20140707.M";0.588129997878668;0.0467449076085324;1.2129829206652;0.01;0.01;0.01
"UNDE_007-M-33-2-20140710";200;"UNDE";"UNDE_007";"UNDE_007-M-33-2-20140710";0.368422373045014;0.0735879815826;0.204515077987155;"UNDE.007.23.33.2.20140710.M";0.588129997878668;0.0467449076085324;1.2129829206652;0.01;0.01;0.01
"UNDE_007-M-4-9-20140710";200;"UNDE";"UNDE_007";"UNDE_007-M-4-9-20140710";0.368422373045014;0.081739773666815;0.215056724354271;"UNDE.007.21.4.9.20140710.M";0.588129997878668;0.0467449076085324;1.2129829206652;0.01;0.01;0.01
"UNDE_008-M-15-7-20140707";200;"UNDE";"UNDE_008";"UNDE_008-M-15-7-20140707";0.396851164028072;0.0267809173571071;0.182114079457035;"UNDE.008.21.15.7.20140707.M";0.588129997878668;0.0467449076085324;1.2129829206652;0.01;0.01;0.01
"UNDE_008-M-33-11-20140707";200;"UNDE";"UNDE_008";"UNDE_008-M-33-11-20140707";0.396851164028072;0.0562325532742712;0.201879666395376;"UNDE.008.23.33.11.20140707.M";0.588129997878668;0.0467449076085324;1.2129829206652;0.01;0.01;0.01
"UNDE_008-M-4-7-20140707";200;"UNDE";"UNDE_008";"UNDE_008-M-4-7-20140707";0.396851164028072;0.0472918780851321;0.205832783783045;"UNDE.008.21.4.7.20140707.M";0.588129997878668;0.0467449076085324;1.2129829206652;0.01;0.01;0.01
"UNDE_013-M-2-0-20140708";200;"UNDE";"UNDE_013";"UNDE_013-M-2-0-20140708";0.368422373045014;0.0478178001550814;0.207150489578934;"UNDE.013.21.2.0.20140708.M";0.588129997878668;0.0467449076085324;1.2129829206652;0.01;0.01;0.01
"UNDE_013-M-39-30-20140708";200;"UNDE";"UNDE_013";"UNDE_013-M-39-30-20140708";0.368422373045014;0.0454511508403093;0.187384902640592;"UNDE.013.41.39.30.20140708.M";0.588129997878668;0.0467449076085324;1.2129829206652;0.01;0.01;0.01
"UNDE_013-M-8-11-20140708";200;"UNDE";"UNDE_013";"UNDE_013-M-8-11-20140708";0.368422373045014;0.0257290732172084;0.159713080926914;"UNDE.013.21.8.11.20140708.M";0.588129997878668;0.0467449076085324;1.2129829206652;0.01;0.01;0.01
"UNDE_014-M-36-16-20140711";200;"UNDE";"UNDE_014";"UNDE_014-M-36-16-20140711";0.368422373045014;0.0273068394270564;0.14521831717213;"UNDE.014.23.36.16.20140711.M";0.588129997878668;0.0467449076085324;1.2129829206652;0.01;0.01;0.01
"UNDE_014-M-6-12-20140711";200;"UNDE";"UNDE_014";"UNDE_014-M-6-12-20140711";0.368422373045014;0.0641213843235115;0.196608843211818;"UNDE.014.21.6.12.20140711.M";0.588129997878668;0.0467449076085324;1.2129829206652;0.01;0.01;0.01
"UNDE_017-M-0-30-20140707";200;"UNDE";"UNDE_017";"UNDE_017-M-0-30-20140707";0.232817070826635;0.0772694360722455;0.300707601087084;"UNDE.017.39.0.30.20140707.M";0.588129997878668;0.0467449076085324;1.2129829206652;0.01;0.01;0.01
"UNDE_017-M-23-38-20140707";200;"UNDE";"UNDE_017";"UNDE_017-M-23-38-20140707";0.232817070826635;0.760126929305583;1.70574535703606;"UNDE.017.41.23.38.20140707.M";0.588129997878668;0.0467449076085324;1.2129829206652;0.01;0.01;0.01
"UNDE_019-M-23-30-20140708";200;"UNDE";"UNDE_019";"UNDE_019-M-23-30-20140708";0.368422373045014;0.0635954622535622;0.213739018558381;"UNDE.019.41.23.30.20140708.M";0.588129997878668;0.0467449076085324;1.2129829206652;0.01;0.01;0.01
"UNDE_019-M-30-38-20140708";200;"UNDE";"UNDE_019";"UNDE_019-M-30-38-20140708";0.368422373045014;0.0607028908688407;0.196608843211818;"UNDE.019.41.30.38.20140708.M";0.588129997878668;0.0467449076085324;1.2129829206652;0.01;0.01;0.01
"UNDE_019-M-33-4-20140708";200;"UNDE";"UNDE_019";"UNDE_019-M-33-4-20140708";0.368422373045014;0.0554436701693471;0.222962959129607;"UNDE.019.23.33.4.20140708.M";0.588129997878668;0.0467449076085324;1.2129829206652;0.01;0.01;0.01
"UNDE_027-M-19-30-20140708";200;"UNDE";"UNDE_027";"UNDE_027-M-19-30-20140708";0.368422373045014;0.0367734366861449;0.175525550477587;"UNDE.027.39.19.30.20140708.M";0.588129997878668;0.0467449076085324;1.2129829206652;0.01;0.01;0.01
"UNDE_027-M-23-8-20140708";200;"UNDE";"UNDE_027";"UNDE_027-M-23-8-20140708";0.368422373045014;0.0328290211615247;0.159713080926914;"UNDE.027.21.23.8.20140708.M";0.588129997878668;0.0467449076085324;1.2129829206652;0.01;0.01;0.01
"UNDE_027-M-31-3-20140708";200;"UNDE";"UNDE_027";"UNDE_027-M-31-3-20140708";0.368422373045014;0.0409808132457398;0.207150489578934;"UNDE.027.23.31.3.20140708.M";0.588129997878668;0.0467449076085324;1.2129829206652;0.01;0.01;0.01
"UNDE_032-M-2-27-20140708";200;"UNDE";"UNDE_032";"UNDE_032-M-2-27-20140708";0.368422373045014;0.0741139036525494;0.213739018558381;"UNDE.032.39.2.27.20140709.M";0.588129997878668;0.0467449076085324;1.2129829206652;0.01;0.01;0.01
"UNDE_034-M-28-34-20140715";200;"UNDE";"UNDE_034";"UNDE_034-M-28-34-20140715";0.368422373045014;0.038351202895993;0.161030786722803;"UNDE.034.41.28.34.20140715.M";0.588129997878668;0.0467449076085324;1.2129829206652;0.01;0.01;0.01
"UNDE_034-M-35-0-20140715";200;"UNDE";"UNDE_034";"UNDE_034-M-35-0-20140715";0.368422373045014;0.0386141639309677;0.154442257743356;"UNDE.034.23.35.0.20140715.M";0.588129997878668;0.0467449076085324;1.2129829206652;0.01;0.01;0.01
"UNDE_034-M-37-20-20140715";200;"UNDE";"UNDE_034";"UNDE_034-M-37-20-20140715";0.368422373045014;0.0378252808260436;0.132041259213236;"UNDE.034.41.37.20.20140715.M";0.588129997878668;0.0467449076085324;1.2129829206652;0.01;0.01;0.01
"UNDE_035-M-1-23-20140715";200;"UNDE";"UNDE_035";"UNDE_035-M-1-23-20140715";0.368422373045014;0.0354586315112715;0.17025472729403;"UNDE.035.39.1.23.20140715.M";0.588129997878668;0.0467449076085324;1.2129829206652;0.01;0.01;0.01
"UNDE_035-M-13-1-20140715";200;"UNDE";"UNDE_035";"UNDE_035-M-13-1-20140715";0.368422373045014;0.0796360853870176;0.261176427210401;"UNDE.035.21.13.1.20140715.M";0.588129997878668;0.0467449076085324;1.2129829206652;0.01;0.01;0.01
"UNDE_035-M-6-13-20140715";200;"UNDE";"UNDE_035";"UNDE_035-M-6-13-20140715";0.368422373045014;0.0462400339452333;0.201879666395376;"UNDE.035.21.6.13.20140715.M";0.588129997878668;0.0467449076085324;1.2129829206652;0.01;0.01;0.01
"UNDE_037-M-25-17-20140710";200;"UNDE";"UNDE_037";"UNDE_037-M-25-17-20140710";0.368422373045014;0.0394030470358917;0.200561960599487;"UNDE.037.23.25.17.20140710.M";0.0120806415031495;0.0467449076085324;1.2129829206652;0.01;0.01;0.01
"UNDE_037-O-28-36-20140710";200;"UNDE";"UNDE_037";"UNDE_037-O-28-36-20140710";0.368422373045014;0.153265175179928;0.224280664925497;"UNDE.037.41.28.36.20140710.O";0.0120806415031495;0.0467449076085324;1.2129829206652;0.01;0.01;0.01
"UNDE_037-O-9-7-20140710";200;"UNDE";"UNDE_037";"UNDE_037-O-9-7-20140710";0.368422373045014;0.900337475542992;0.323108599617205;"UNDE.037.21.9.7.20140710.O";0.0120806415031495;0.0467449076085324;1.2129829206652;0.01;0.01;0.01
"UNDE_043-M-17-38-20140710";200;"UNDE";"UNDE_043";"UNDE_043-M-17-38-20140710";0.368422373045014;0.0717472543377772;0.226916076517276;"UNDE.043.39.17.38.20140710.M";0.0781572348973632;0.0467449076085324;1.2129829206652;0.01;0.01;0.01
"UNDE_043-M-32-36-20140710";200;"UNDE";"UNDE_043";"UNDE_043-M-32-36-20140710";0.368422373045014;0.0520251767146763;0.171572433089919;"UNDE.043.41.32.36.20140710.M";0.0781572348973632;0.0467449076085324;1.2129829206652;0.01;0.01;0.01
"UNDE_044-M-37-7-20140718";200;"UNDE";"UNDE_044";"UNDE_044-M-37-7-20140718";0.368422373045014;0.233994212917154;0.222962959129607;"UNDE.044.23.37.7.20140718.M";0.123525125728419;0.0467449076085324;1.2129829206652;0.01;0.01;0.01
"UNDE_044-O-37-7-20140718";200;"UNDE";"UNDE_044";"UNDE_044-O-37-7-20140718";0.368422373045014;0.72099804969026;0.209785901170713;"UNDE.044.23.37.7.20140718.O";0.123525125728419;0.0467449076085324;1.2129829206652;0.01;0.01;0.01
